tiempo,dist_front_raw,dist_filtered,dist_kalman,accion
0.032,1.50000,1.50000,1.50000,AVANZAR
0.064,1.50000,1.50000,1.49935,AVANZAR
0.096,1.50000,1.50000,1.49898,AVANZAR
0.128,1.50000,1.50000,1.49888,AVANZAR
0.160,1.50000,1.50000,1.49883,AVANZAR
0.192,1.50000,1.50000,1.49882,AVANZAR
0.224,1.50000,1.50000,1.49876,AVANZAR
0.256,1.50000,1.50000,1.49879,AVANZAR
0.288,1.50000,1.50000,1.49880,AVANZAR
0.320,1.50000,1.50000,1.49880,AVANZAR
0.352,1.50000,1.50000,1.49876,AVANZAR
0.384,1.50000,1.50000,1.49879,AVANZAR
0.416,1.50000,1.50000,1.49880,AVANZAR
0.448,1.50000,1.50000,1.49875,AVANZAR
0.480,1.50000,1.50000,1.49879,AVANZAR
0.512,1.50000,1.50000,1.49880,AVANZAR
0.544,1.50000,1.50000,1.49880,AVANZAR
0.576,1.50000,1.50000,1.49876,AVANZAR
0.608,1.50000,1.50000,1.49879,AVANZAR
0.640,1.50000,1.50000,1.49880,AVANZAR
0.672,1.50000,1.50000,1.49880,AVANZAR
0.704,1.50000,1.50000,1.49876,AVANZAR
0.736,1.50000,1.50000,1.49879,AVANZAR
0.768,1.50000,1.50000,1.49880,AVANZAR
0.800,1.50000,1.50000,1.49875,AVANZAR
0.832,1.50000,1.50000,1.49879,AVANZAR
0.864,1.50000,1.50000,1.49880,AVANZAR
0.896,1.50000,1.50000,1.49880,AVANZAR
0.928,1.50000,1.50000,1.49876,AVANZAR
0.960,1.50000,1.50000,1.49879,AVANZAR
0.992,1.50000,1.50000,1.49880,AVANZAR
1.024,1.50000,1.50000,1.49875,AVANZAR
1.056,1.50000,1.50000,1.49879,AVANZAR
1.088,1.50000,1.50000,1.49880,AVANZAR
1.120,1.50000,1.50000,1.49880,AVANZAR
1.152,1.50000,1.50000,1.49876,AVANZAR
1.184,1.50000,1.50000,1.49879,AVANZAR
1.216,1.50000,1.50000,1.49880,AVANZAR
1.248,1.50000,1.50000,1.49880,AVANZAR
1.280,1.50000,1.50000,1.49876,AVANZAR
1.312,1.50000,1.50000,1.49879,AVANZAR
1.344,1.50000,1.50000,1.49880,AVANZAR
1.376,1.50000,1.50000,1.49875,AVANZAR
1.408,1.50000,1.50000,1.49879,AVANZAR
1.440,1.50000,1.50000,1.49880,AVANZAR
1.472,1.49507,1.50000,1.49576,AVANZAR
1.504,1.50000,1.50000,1.49759,AVANZAR
1.536,1.39292,1.50000,1.43217,AVANZAR
1.568,1.31828,1.50000,1.36104,AVANZAR
1.600,1.32657,1.50000,1.33900,AVANZAR
1.632,1.22808,1.50000,1.26966,AVANZAR
1.664,1.18799,1.50000,1.21845,AVANZAR
1.696,1.07969,1.50000,1.13196,AVANZAR
1.728,1.09812,1.50000,1.11026,AVANZAR
1.760,1.00939,1.50000,1.04718,AVANZAR
1.792,0.93264,1.50000,0.97565,AVANZAR
1.824,0.90735,1.50000,0.93270,AVANZAR
1.856,0.86041,1.50000,0.88724,AVANZAR
1.888,0.76404,1.50000,0.81036,AVANZAR
1.920,0.72424,1.50000,0.75640,AVANZAR
1.952,0.67018,1.50000,0.70237,AVANZAR
1.984,0.60441,1.50000,0.64104,AVANZAR
2.016,0.58899,1.50000,0.60814,AVANZAR
2.048,0.55099,1.50000,0.57208,AVANZAR
2.080,0.44988,1.50000,0.49577,GIRAR_DER
2.112,1.50000,1.50000,1.11632,AVANZAR
2.144,1.50000,1.50000,1.35269,AVANZAR
2.176,1.50000,1.50000,1.44299,AVANZAR
2.208,1.50000,1.50000,1.47746,AVANZAR
2.240,1.50000,1.50000,1.49065,AVANZAR
2.272,1.50000,1.50000,1.49567,AVANZAR
2.304,1.50000,1.50000,1.49758,AVANZAR
2.336,1.50000,1.50000,1.49834,AVANZAR
2.368,1.50000,1.50000,1.49860,AVANZAR
2.400,1.50000,1.50000,1.49873,AVANZAR
2.432,1.50000,1.50000,1.49875,AVANZAR
2.464,1.50000,1.50000,1.49879,AVANZAR
2.496,1.50000,1.50000,1.49877,AVANZAR
2.528,1.50000,1.50000,1.49877,CORRIGIENDO_DER
2.560,1.50000,1.50000,1.49892,CORRIGIENDO_DER
2.592,1.50000,1.50000,1.49897,CORRIGIENDO_DER
2.624,1.50000,1.50000,1.49897,CORRIGIENDO_DER
2.656,1.50000,1.50000,1.49899,CORRIGIENDO_DER
2.688,1.50000,1.50000,1.49900,CORRIGIENDO_DER
2.720,1.50000,1.50000,1.49895,AVANZAR
2.752,1.50000,1.50000,1.49886,AVANZAR
2.784,1.50000,1.50000,1.49883,AVANZAR
2.816,1.50000,1.50000,1.49881,AVANZAR
2.848,1.50000,1.50000,1.49876,AVANZAR
2.880,1.50000,1.50000,1.49879,AVANZAR
2.912,1.50000,1.50000,1.49880,AVANZAR
2.944,1.50000,1.50000,1.49878,AVANZAR
2.976,1.50000,1.50000,1.49877,AVANZAR
3.008,1.50000,1.50000,1.49879,AVANZAR
3.040,1.50000,1.50000,1.49880,AVANZAR
3.072,1.50000,1.50000,1.49876,AVANZAR
3.104,1.50000,1.50000,1.49879,AVANZAR
3.136,1.50000,1.50000,1.49880,AVANZAR
3.168,1.50000,1.50000,1.49880,AVANZAR
3.200,1.50000,1.50000,1.49876,AVANZAR
3.232,1.50000,1.50000,1.49879,AVANZAR
3.264,1.50000,1.50000,1.49880,AVANZAR
3.296,1.50000,1.50000,1.49878,AVANZAR
3.328,1.50000,1.50000,1.49877,AVANZAR
3.360,1.50000,1.50000,1.49879,AVANZAR
3.392,1.50000,1.50000,1.49880,AVANZAR
3.424,1.50000,1.50000,1.49876,AVANZAR
3.456,1.50000,1.50000,1.49879,AVANZAR
3.488,1.50000,1.50000,1.49880,AVANZAR
3.520,1.50000,1.50000,1.49878,AVANZAR
3.552,1.50000,1.50000,1.49877,AVANZAR
3.584,1.50000,1.50000,1.49879,AVANZAR
3.616,1.50000,1.50000,1.49880,AVANZAR
3.648,1.50000,1.50000,1.49878,AVANZAR
3.680,1.50000,1.50000,1.49877,AVANZAR
3.712,1.50000,1.50000,1.49879,AVANZAR
3.744,1.50000,1.50000,1.49880,AVANZAR
3.776,1.50000,1.50000,1.49876,AVANZAR
3.808,1.50000,1.50000,1.49879,AVANZAR
3.840,1.50000,1.50000,1.49880,AVANZAR
3.872,1.50000,1.50000,1.49878,AVANZAR
3.904,1.50000,1.50000,1.49877,AVANZAR
3.936,1.50000,1.50000,1.49879,AVANZAR
3.968,1.50000,1.50000,1.49880,AVANZAR
4.000,1.50000,1.50000,1.49876,AVANZAR
4.032,1.50000,1.50000,1.49879,AVANZAR
4.064,1.50000,1.50000,1.49880,AVANZAR
4.096,1.50000,1.50000,1.49880,AVANZAR
4.128,1.50000,1.50000,1.49876,AVANZAR
4.160,1.50000,1.50000,1.49879,AVANZAR
4.192,1.50000,1.50000,1.49880,AVANZAR
4.224,1.50000,1.50000,1.49878,AVANZAR
4.256,1.50000,1.50000,1.49877,AVANZAR
4.288,1.50000,1.50000,1.49879,AVANZAR
4.320,1.50000,1.50000,1.49880,AVANZAR
4.352,1.50000,1.50000,1.49876,AVANZAR
4.384,1.50000,1.50000,1.49879,AVANZAR
4.416,1.50000,1.50000,1.49880,AVANZAR
4.448,1.50000,1.50000,1.49880,AVANZAR
4.480,1.50000,1.50000,1.49876,AVANZAR
4.512,1.50000,1.50000,1.49879,AVANZAR
4.544,1.50000,1.50000,1.49880,AVANZAR
4.576,1.50000,1.50000,1.49878,AVANZAR
4.608,1.50000,1.50000,1.49877,AVANZAR
4.640,1.50000,1.50000,1.49879,AVANZAR
4.672,1.50000,1.50000,1.49880,AVANZAR
4.704,1.50000,1.50000,1.49876,AVANZAR
4.736,1.50000,1.50000,1.49879,AVANZAR
4.768,1.50000,1.50000,1.49880,AVANZAR
4.800,1.50000,1.50000,1.49878,AVANZAR
4.832,1.50000,1.50000,1.49877,AVANZAR
4.864,1.50000,1.50000,1.49879,AVANZAR
4.896,1.50000,1.50000,1.49880,AVANZAR
4.928,1.50000,1.50000,1.49878,AVANZAR
4.960,1.50000,1.50000,1.49877,AVANZAR
4.992,1.50000,1.50000,1.49879,AVANZAR
5.024,1.50000,1.50000,1.49880,AVANZAR
5.056,1.50000,1.50000,1.49876,AVANZAR
5.088,1.50000,1.50000,1.49879,AVANZAR
5.120,1.50000,1.50000,1.49880,AVANZAR
5.152,1.50000,1.50000,1.49878,AVANZAR
5.184,1.50000,1.50000,1.49877,AVANZAR
5.216,1.50000,1.50000,1.49879,AVANZAR
5.248,1.50000,1.50000,1.49880,AVANZAR
5.280,1.50000,1.50000,1.49876,AVANZAR
5.312,1.50000,1.50000,1.49879,AVANZAR
5.344,1.50000,1.50000,1.49880,AVANZAR
5.376,1.50000,1.50000,1.49880,AVANZAR
5.408,1.50000,1.50000,1.49876,AVANZAR
5.440,1.50000,1.50000,1.49879,AVANZAR
5.472,1.50000,1.50000,1.49880,AVANZAR
5.504,1.50000,1.50000,1.49878,AVANZAR
5.536,1.50000,1.50000,1.49877,AVANZAR
5.568,1.50000,1.50000,1.49879,AVANZAR
5.600,1.50000,1.50000,1.49880,AVANZAR
5.632,1.50000,1.50000,1.49876,AVANZAR
5.664,1.50000,1.50000,1.49879,AVANZAR
5.696,1.50000,1.50000,1.49880,AVANZAR
5.728,1.50000,1.50000,1.49880,AVANZAR
5.760,1.50000,1.50000,1.49876,AVANZAR
5.792,1.50000,1.50000,1.49879,AVANZAR
5.824,1.50000,1.50000,1.49880,AVANZAR
5.856,1.50000,1.50000,1.49878,AVANZAR
5.888,1.50000,1.50000,1.49877,AVANZAR
5.920,1.50000,1.50000,1.49879,AVANZAR
5.952,1.50000,1.50000,1.49880,AVANZAR
5.984,1.50000,1.50000,1.49876,AVANZAR
6.016,1.50000,1.50000,1.49879,AVANZAR
6.048,1.50000,1.50000,1.49880,AVANZAR
6.080,1.50000,1.50000,1.49878,AVANZAR
6.112,1.50000,1.50000,1.49877,AVANZAR
6.144,1.50000,1.50000,1.49879,AVANZAR
6.176,1.50000,1.50000,1.49880,AVANZAR
6.208,1.50000,1.50000,1.49878,AVANZAR
6.240,1.50000,1.50000,1.49877,AVANZAR
6.272,1.50000,1.50000,1.49879,AVANZAR
6.304,1.50000,1.50000,1.49880,AVANZAR
6.336,1.50000,1.50000,1.49876,AVANZAR
6.368,1.50000,1.50000,1.49879,AVANZAR
6.400,1.50000,1.50000,1.49880,AVANZAR
6.432,1.50000,1.50000,1.49878,AVANZAR
6.464,1.50000,1.50000,1.49877,AVANZAR
6.496,1.50000,1.50000,1.49879,AVANZAR
6.528,1.50000,1.50000,1.49880,AVANZAR
6.560,1.50000,1.50000,1.49876,AVANZAR
6.592,1.50000,1.50000,1.49879,AVANZAR
6.624,1.50000,1.50000,1.49880,AVANZAR
6.656,1.50000,1.50000,1.49880,AVANZAR
6.688,1.50000,1.50000,1.49876,AVANZAR
6.720,1.50000,1.50000,1.49879,AVANZAR
6.752,1.50000,1.50000,1.49880,AVANZAR
6.784,1.50000,1.50000,1.49878,AVANZAR
6.816,1.50000,1.50000,1.49877,AVANZAR
6.848,1.50000,1.50000,1.49879,AVANZAR
6.880,1.50000,1.50000,1.49880,AVANZAR
6.912,1.47843,1.50000,1.48543,AVANZAR
6.944,1.45334,1.50000,1.46486,AVANZAR
6.976,1.43329,1.50000,1.44461,AVANZAR
7.008,1.30010,1.50000,1.35456,AVANZAR
7.040,1.37634,1.50000,1.36724,AVANZAR
7.072,1.27500,1.50000,1.30950,AVANZAR
7.104,1.19642,1.50000,1.23887,AVANZAR
7.136,1.15993,1.50000,1.18932,AVANZAR
7.168,1.10259,1.50000,1.13495,AVANZAR
7.200,1.04766,1.50000,1.08026,AVANZAR
7.232,0.97088,1.50000,1.01192,AVANZAR
7.264,0.94123,1.50000,0.96744,AVANZAR
7.296,0.90567,1.50000,0.92853,AVANZAR
7.328,0.87084,1.48994,0.89214,AVANZAR
7.360,0.79919,1.47895,0.83393,AVANZAR
7.392,0.73466,1.46273,0.77182,AVANZAR
7.424,0.71410,1.44381,0.73540,AVANZAR
7.456,0.67241,1.41420,0.69573,AVANZAR
7.488,0.61162,1.38509,0.64299,AVANZAR
7.520,0.58856,1.35121,0.60858,AVANZAR
7.552,0.53429,1.31999,0.56193,AVANZAR
7.584,0.44742,1.27930,0.49042,GIRAR_DER
7.616,0.43019,1.25163,0.45305,GIRAR_DER
7.648,0.46326,1.24410,0.45924,GIRAR_DER
7.680,0.49721,1.25446,0.48258,GIRAR_DER
7.712,0.49699,1.28759,0.49136,GIRAR_DER
7.744,0.52868,1.34006,0.51430,AVANZAR
7.776,0.49939,1.38286,0.50432,AVANZAR
7.808,0.43456,1.41116,0.46047,GIRAR_DER
7.840,0.44656,1.43369,0.45175,GIRAR_DER
7.872,0.49067,1.44800,0.47565,GIRAR_DER
7.904,0.55643,1.45514,0.52546,AVANZAR
7.936,0.51247,1.46962,0.51669,AVANZAR
7.968,0.44940,1.48803,0.47437,GIRAR_DER
8.000,0.52642,1.50000,0.50639,AVANZAR
8.032,0.50782,1.50000,0.50653,AVANZAR
8.064,0.47532,1.50000,0.48651,GIRAR_DER
8.096,0.52410,1.50000,0.50960,AVANZAR
8.128,0.48144,1.50000,0.49146,GIRAR_DER
8.160,0.55700,1.50000,0.53184,AVANZAR
8.192,0.54151,1.50000,0.53705,AVANZAR
8.224,0.51917,1.50000,0.52524,AVANZAR
8.256,0.47967,1.50000,0.49634,GIRAR_DER
8.288,0.57443,1.50000,0.54446,CORRIGIENDO_DER
8.320,0.57805,1.50000,0.56460,CORRIGIENDO_DER
8.352,0.57540,1.50000,0.57066,CORRIGIENDO_DER
8.384,0.58796,1.50000,0.58072,CORRIGIENDO_DER
8.416,0.60436,1.50000,0.59472,CORRIGIENDO_DER
8.448,0.59204,1.50000,0.59245,CORRIGIENDO_DER
8.480,0.61687,1.50000,0.60690,CORRIGIENDO_DER
8.512,0.61504,1.50000,0.61129,CORRIGIENDO_DER
8.544,0.61750,1.50000,0.61452,CORRIGIENDO_DER
8.576,1.50000,1.50000,1.16116,CORRIGIENDO_DER
8.608,1.50000,1.50000,1.36996,CORRIGIENDO_DER
8.640,1.50000,1.50000,1.44967,CORRIGIENDO_DER
8.672,1.50000,1.50000,1.48016,CORRIGIENDO_DER
8.704,1.50000,1.50000,1.49181,CORRIGIENDO_DER
8.736,1.50000,1.50000,1.49623,CORRIGIENDO_DER
8.768,1.50000,1.50000,1.49795,CORRIGIENDO_DER
8.800,1.50000,1.50000,1.49858,CORRIGIENDO_DER
8.832,1.50000,1.50000,1.49884,CORRIGIENDO_DER
8.864,1.50000,1.50000,1.49892,CORRIGIENDO_DER
8.896,1.50000,1.50000,1.49897,CORRIGIENDO_DER
8.928,1.50000,1.50000,1.49899,CORRIGIENDO_DER
8.960,1.50000,1.50000,1.49898,CORRIGIENDO_DER
8.992,1.50000,1.50000,1.49897,CORRIGIENDO_DER
9.024,1.50000,1.50000,1.49899,CORRIGIENDO_DER
9.056,1.50000,1.50000,1.49900,CORRIGIENDO_DER
9.088,1.50000,1.50000,1.49898,AVANZAR
9.120,1.50000,1.50000,1.49887,AVANZAR
9.152,1.50000,1.50000,1.49881,AVANZAR
9.184,1.50000,1.50000,1.49881,AVANZAR
9.216,1.50000,1.50000,1.49878,AVANZAR
9.248,1.50000,1.50000,1.49877,AVANZAR
9.280,1.50000,1.50000,1.49879,AVANZAR
9.312,1.50000,1.50000,1.49878,AVANZAR
9.344,1.50000,1.50000,1.49880,AVANZAR
9.376,1.50000,1.50000,1.49878,AVANZAR
9.408,1.50000,1.50000,1.49880,AVANZAR
9.440,1.50000,1.50000,1.49878,AVANZAR
9.472,1.50000,1.50000,1.49880,AVANZAR
9.504,1.50000,1.50000,1.49878,AVANZAR
9.536,1.50000,1.50000,1.49880,AVANZAR
9.568,1.50000,1.50000,1.49878,AVANZAR
9.600,1.50000,1.50000,1.49877,AVANZAR
9.632,1.50000,1.50000,1.49879,AVANZAR
9.664,1.50000,1.50000,1.49878,AVANZAR
9.696,1.50000,1.50000,1.49880,AVANZAR
9.728,1.50000,1.50000,1.49878,AVANZAR
9.760,1.50000,1.50000,1.49880,AVANZAR
9.792,1.50000,1.50000,1.49878,AVANZAR
9.824,1.50000,1.50000,1.49877,AVANZAR
9.856,1.50000,1.50000,1.49879,AVANZAR
9.888,1.50000,1.50000,1.49880,AVANZAR
9.920,1.50000,1.50000,1.49878,AVANZAR
9.952,1.50000,1.50000,1.49877,AVANZAR
9.984,1.50000,1.50000,1.49879,AVANZAR
10.016,1.50000,1.50000,1.49878,AVANZAR
10.048,1.50000,1.50000,1.49880,AVANZAR
10.080,1.50000,1.50000,1.49878,AVANZAR
10.112,1.50000,1.50000,1.49880,AVANZAR
10.144,1.50000,1.50000,1.49878,AVANZAR
10.176,1.50000,1.50000,1.49877,AVANZAR
10.208,1.50000,1.50000,1.49879,AVANZAR
10.240,1.50000,1.50000,1.49878,AVANZAR
10.272,1.50000,1.50000,1.49880,AVANZAR
10.304,1.50000,1.50000,1.49878,AVANZAR
10.336,1.50000,1.50000,1.49880,AVANZAR
10.368,1.50000,1.50000,1.49878,AVANZAR
10.400,1.50000,1.50000,1.49880,AVANZAR
10.432,1.50000,1.50000,1.49878,AVANZAR
10.464,1.50000,1.50000,1.49880,AVANZAR
10.496,1.50000,1.50000,1.49878,AVANZAR
10.528,1.50000,1.50000,1.49877,AVANZAR
10.560,1.50000,1.50000,1.49879,AVANZAR
10.592,1.50000,1.50000,1.49878,AVANZAR
10.624,1.50000,1.50000,1.49880,AVANZAR
10.656,1.50000,1.50000,1.49878,AVANZAR
10.688,1.50000,1.50000,1.49880,AVANZAR
10.720,1.50000,1.50000,1.49878,AVANZAR
10.752,1.50000,1.50000,1.49880,AVANZAR
10.784,1.50000,1.50000,1.49878,AVANZAR
10.816,1.50000,1.50000,1.49880,AVANZAR
10.848,1.50000,1.50000,1.49878,AVANZAR
10.880,1.50000,1.50000,1.49877,AVANZAR
10.912,1.50000,1.50000,1.49879,AVANZAR
10.944,1.50000,1.50000,1.49878,AVANZAR
10.976,1.50000,1.50000,1.49880,AVANZAR
11.008,1.50000,1.50000,1.49878,AVANZAR
11.040,1.50000,1.50000,1.49880,AVANZAR
11.072,1.50000,1.50000,1.49878,AVANZAR
11.104,1.50000,1.50000,1.49877,AVANZAR
11.136,1.50000,1.50000,1.49879,AVANZAR
11.168,1.50000,1.50000,1.49880,AVANZAR
11.200,1.50000,1.50000,1.49878,AVANZAR
11.232,1.50000,1.50000,1.49877,AVANZAR
11.264,1.50000,1.50000,1.49879,AVANZAR
11.296,1.50000,1.50000,1.49878,AVANZAR
11.328,1.50000,1.50000,1.49880,AVANZAR
11.360,1.50000,1.50000,1.49878,AVANZAR
11.392,1.50000,1.50000,1.49880,AVANZAR
11.424,1.50000,1.50000,1.49878,AVANZAR
11.456,1.50000,1.50000,1.49877,AVANZAR
11.488,1.50000,1.50000,1.49879,AVANZAR
11.520,1.50000,1.50000,1.49878,AVANZAR
11.552,1.50000,1.50000,1.49880,AVANZAR
11.584,1.50000,1.50000,1.49878,AVANZAR
11.616,1.50000,1.50000,1.49880,AVANZAR
11.648,1.50000,1.50000,1.49878,AVANZAR
11.680,1.50000,1.50000,1.49880,AVANZAR
11.712,1.50000,1.50000,1.49878,AVANZAR
11.744,1.50000,1.50000,1.49880,AVANZAR
11.776,1.50000,1.50000,1.49878,AVANZAR
11.808,1.50000,1.50000,1.49877,AVANZAR
11.840,1.50000,1.50000,1.49879,AVANZAR
11.872,1.50000,1.50000,1.49878,AVANZAR
11.904,1.50000,1.50000,1.49880,AVANZAR
11.936,1.50000,1.50000,1.49878,AVANZAR
11.968,1.50000,1.50000,1.49880,AVANZAR
12.000,1.50000,1.50000,1.49878,AVANZAR
12.032,1.50000,1.50000,1.49880,AVANZAR
12.064,1.50000,1.50000,1.49878,AVANZAR
12.096,1.50000,1.50000,1.49880,AVANZAR
12.128,1.50000,1.50000,1.49878,AVANZAR
12.160,1.50000,1.50000,1.49877,AVANZAR
12.192,1.50000,1.50000,1.49879,AVANZAR
12.224,1.50000,1.50000,1.49878,AVANZAR
12.256,1.50000,1.50000,1.49880,AVANZAR
12.288,1.50000,1.50000,1.49878,AVANZAR
12.320,1.50000,1.50000,1.49880,AVANZAR
12.352,1.50000,1.50000,1.49878,AVANZAR
12.384,1.50000,1.50000,1.49877,AVANZAR
12.416,1.50000,1.50000,1.49879,AVANZAR
12.448,1.50000,1.50000,1.49880,AVANZAR
12.480,1.50000,1.50000,1.49878,AVANZAR
12.512,1.50000,1.50000,1.49877,AVANZAR
12.544,1.50000,1.50000,1.49879,AVANZAR
12.576,1.50000,1.50000,1.49878,AVANZAR
12.608,1.50000,1.50000,1.49880,AVANZAR
12.640,1.50000,1.50000,1.49878,AVANZAR
12.672,1.50000,1.50000,1.49880,AVANZAR
12.704,1.50000,1.50000,1.49878,AVANZAR
12.736,1.50000,1.50000,1.49877,AVANZAR
12.768,1.50000,1.50000,1.49879,AVANZAR
12.800,1.50000,1.50000,1.49878,AVANZAR
12.832,1.50000,1.50000,1.49880,AVANZAR
12.864,1.50000,1.50000,1.49878,AVANZAR
12.896,1.50000,1.50000,1.49880,AVANZAR
12.928,1.50000,1.50000,1.49878,AVANZAR
12.960,1.50000,1.50000,1.49880,AVANZAR
12.992,1.50000,1.50000,1.49878,AVANZAR
13.024,1.50000,1.50000,1.49880,AVANZAR
13.056,1.50000,1.50000,1.49878,AVANZAR
13.088,1.50000,1.50000,1.49877,AVANZAR
13.120,1.50000,1.50000,1.49879,AVANZAR
13.152,1.50000,1.50000,1.49878,AVANZAR
13.184,1.50000,1.50000,1.49880,AVANZAR
13.216,1.50000,1.50000,1.49878,AVANZAR
13.248,1.50000,1.50000,1.49880,AVANZAR
13.280,1.50000,1.50000,1.49878,AVANZAR
13.312,1.50000,1.50000,1.49880,AVANZAR
13.344,1.50000,1.50000,1.49878,AVANZAR
13.376,1.50000,1.50000,1.49880,AVANZAR
13.408,1.50000,1.50000,1.49878,AVANZAR
13.440,1.50000,1.50000,1.49877,AVANZAR
13.472,1.50000,1.50000,1.49879,AVANZAR
13.504,1.50000,1.50000,1.49878,AVANZAR
13.536,1.50000,1.50000,1.49880,AVANZAR
13.568,1.50000,1.50000,1.49878,AVANZAR
13.600,1.50000,1.50000,1.49880,AVANZAR
13.632,1.50000,1.50000,1.49878,AVANZAR
13.664,1.50000,1.50000,1.49877,AVANZAR
13.696,1.50000,1.50000,1.49879,AVANZAR
13.728,1.50000,1.50000,1.49880,AVANZAR
13.760,1.50000,1.50000,1.49878,AVANZAR
13.792,1.42158,1.49216,1.45030,AVANZAR
13.824,1.30651,1.47281,1.36070,AVANZAR
13.856,1.21796,1.44461,1.27172,AVANZAR
13.888,1.11945,1.40655,1.17688,AVANZAR
13.920,0.99368,1.35020,1.06289,AVANZAR
13.952,0.84705,1.25866,0.92876,AVANZAR
13.984,0.74870,1.15380,0.81671,AVANZAR
14.016,0.64501,1.03457,0.70983,AVANZAR
14.048,0.55026,0.90278,0.61047,AVANZAR
14.080,0.38511,0.76194,0.47045,GIRAR_IZQ
14.112,0.32713,0.64771,0.38172,GIRAR_IZQ
14.144,0.40239,0.56133,0.39437,GIRAR_IZQ
14.176,0.44036,0.49958,0.42267,GIRAR_IZQ
14.208,0.44392,0.46235,0.43568,GIRAR_IZQ
14.240,0.39249,0.44942,0.40886,GIRAR_IZQ
14.272,0.26365,0.53940,0.31899,GIRAR_IZQ
14.304,0.19679,0.61966,0.24334,GIRAR_IZQ
14.336,0.17246,0.69608,0.19941,GIRAR_IZQ
14.368,0.16336,0.76950,0.17698,GIRAR_IZQ
14.400,0.15628,0.84525,0.16409,GIRAR_IZQ
14.432,0.14832,0.83372,0.15422,GIRAR_IZQ
14.464,0.14483,0.82852,0.14827,GIRAR_IZQ
14.496,0.14192,0.82547,0.14422,GIRAR_IZQ
14.528,0.14797,0.82393,0.14642,GIRAR_IZQ
14.560,0.14178,0.82394,0.14343,GIRAR_IZQ
14.592,0.13339,0.82668,0.13710,GIRAR_IZQ
14.624,0.12412,0.83130,0.12895,GIRAR_IZQ
14.656,0.11872,0.84038,0.12250,GIRO_VERTICE_IZQ
14.688,0.11382,0.97558,0.11712,GIRO_VERTICE_IZQ
14.720,0.11232,1.10995,0.11418,GIRO_VERTICE_IZQ
14.752,0.11523,1.24237,0.11483,GIRO_VERTICE_IZQ
14.784,0.12345,1.37326,0.12013,GIRAR_IZQ
14.816,0.13275,1.50000,0.12783,GIRAR_IZQ
14.848,0.14087,1.50000,0.13576,GIRAR_IZQ
14.880,0.15158,1.50000,0.14539,GIRAR_IZQ
14.912,1.50000,1.50000,0.98249,AVANZAR
14.944,1.50000,1.50000,1.30157,AVANZAR
14.976,1.50000,1.50000,1.42344,AVANZAR
15.008,1.50000,1.50000,1.47002,AVANZAR
15.040,1.50000,1.50000,1.48779,AVANZAR
15.072,1.50000,1.50000,1.49460,AVANZAR
15.104,1.50000,1.50000,1.49717,AVANZAR
15.136,1.50000,1.50000,1.49818,AVANZAR
15.168,1.50000,1.50000,1.49854,AVANZAR
15.200,1.50000,1.50000,1.49868,AVANZAR
15.232,1.50000,1.50000,1.49876,AVANZAR
15.264,1.50000,1.50000,1.49876,AVANZAR
15.296,1.50000,1.50000,1.49879,CORRIGIENDO_IZQ
15.328,1.50000,1.50000,1.49890,CORRIGIENDO_IZQ
15.360,1.50000,1.50000,1.49896,CORRIGIENDO_IZQ
15.392,1.50000,1.50000,1.49897,CORRIGIENDO_IZQ
15.424,1.50000,1.50000,1.49899,AVANZAR
15.456,1.50000,1.50000,1.49888,AVANZAR
15.488,1.50000,1.50000,1.49881,AVANZAR
15.520,1.50000,1.50000,1.49878,AVANZAR
15.552,1.50000,1.50000,1.49880,AVANZAR
15.584,1.50000,1.50000,1.49880,AVANZAR
15.616,1.50000,1.50000,1.49876,AVANZAR
15.648,1.50000,1.50000,1.49879,AVANZAR
15.680,1.50000,1.50000,1.49880,AVANZAR
15.712,1.50000,1.50000,1.49878,AVANZAR
15.744,1.50000,1.50000,1.49877,AVANZAR
15.776,1.50000,1.50000,1.49879,AVANZAR
15.808,1.50000,1.50000,1.49880,AVANZAR
15.840,1.50000,1.50000,1.49878,AVANZAR
15.872,1.50000,1.50000,1.49877,AVANZAR
15.904,1.50000,1.50000,1.49879,AVANZAR
15.936,1.50000,1.50000,1.49878,AVANZAR
15.968,1.50000,1.50000,1.49877,AVANZAR
16.000,1.50000,1.50000,1.49879,AVANZAR
16.032,1.50000,1.50000,1.49880,AVANZAR
16.064,1.50000,1.50000,1.49878,AVANZAR
16.096,1.50000,1.50000,1.49877,AVANZAR
16.128,1.50000,1.50000,1.49879,AVANZAR
16.160,1.50000,1.50000,1.49880,AVANZAR
16.192,1.50000,1.50000,1.49878,AVANZAR
16.224,1.50000,1.50000,1.49877,AVANZAR
16.256,1.50000,1.50000,1.49879,AVANZAR
16.288,1.50000,1.50000,1.49878,AVANZAR
16.320,1.50000,1.50000,1.49877,AVANZAR
16.352,1.50000,1.50000,1.49879,AVANZAR
16.384,1.50000,1.50000,1.49880,AVANZAR
16.416,1.50000,1.50000,1.49878,AVANZAR
16.448,1.50000,1.50000,1.49877,AVANZAR
16.480,1.50000,1.50000,1.49879,AVANZAR
16.512,1.50000,1.50000,1.49880,AVANZAR
16.544,1.50000,1.50000,1.49876,AVANZAR
16.576,1.50000,1.50000,1.49879,AVANZAR
16.608,1.50000,1.50000,1.49880,AVANZAR
16.640,1.50000,1.50000,1.49878,AVANZAR
16.672,1.50000,1.50000,1.49877,AVANZAR
16.704,1.50000,1.50000,1.49879,AVANZAR
16.736,1.50000,1.50000,1.49880,AVANZAR
16.768,1.50000,1.50000,1.49878,AVANZAR
16.800,1.50000,1.50000,1.49877,AVANZAR
16.832,1.50000,1.50000,1.49879,AVANZAR
16.864,1.50000,1.50000,1.49880,AVANZAR
16.896,1.50000,1.50000,1.49876,AVANZAR
16.928,1.50000,1.50000,1.49879,AVANZAR
16.960,1.50000,1.50000,1.49880,AVANZAR
16.992,1.50000,1.50000,1.49878,AVANZAR
17.024,1.50000,1.50000,1.49877,AVANZAR
17.056,1.50000,1.50000,1.49879,AVANZAR
17.088,1.50000,1.50000,1.49880,AVANZAR
17.120,1.50000,1.50000,1.49878,AVANZAR
17.152,1.50000,1.50000,1.49877,AVANZAR
17.184,1.50000,1.50000,1.49879,AVANZAR
17.216,1.50000,1.50000,1.49878,AVANZAR
17.248,1.50000,1.50000,1.49877,AVANZAR
17.280,1.50000,1.50000,1.49879,AVANZAR
17.312,1.50000,1.50000,1.49880,AVANZAR
17.344,1.50000,1.50000,1.49878,AVANZAR
17.376,1.50000,1.50000,1.49877,AVANZAR
17.408,1.50000,1.50000,1.49879,AVANZAR
17.440,1.50000,1.50000,1.49880,AVANZAR
17.472,1.50000,1.50000,1.49878,AVANZAR
17.504,1.50000,1.50000,1.49877,AVANZAR
17.536,1.50000,1.50000,1.49879,AVANZAR
17.568,1.50000,1.50000,1.49878,AVANZAR
17.600,1.50000,1.50000,1.49877,AVANZAR
17.632,1.50000,1.50000,1.49879,AVANZAR
17.664,1.50000,1.50000,1.49880,AVANZAR
17.696,1.50000,1.50000,1.49878,AVANZAR
17.728,1.50000,1.50000,1.49877,AVANZAR
17.760,1.50000,1.50000,1.49879,AVANZAR
17.792,1.50000,1.50000,1.49880,AVANZAR
17.824,1.50000,1.50000,1.49878,AVANZAR
17.856,1.50000,1.50000,1.49877,AVANZAR
17.888,1.50000,1.50000,1.49879,AVANZAR
17.920,1.50000,1.50000,1.49878,AVANZAR
17.952,1.50000,1.50000,1.49877,AVANZAR
17.984,1.50000,1.50000,1.49879,AVANZAR
18.016,1.50000,1.50000,1.49880,AVANZAR
18.048,1.50000,1.50000,1.49878,AVANZAR
18.080,1.50000,1.50000,1.49877,AVANZAR
18.112,1.50000,1.50000,1.49879,AVANZAR
18.144,1.50000,1.50000,1.49880,AVANZAR
18.176,1.50000,1.50000,1.49876,AVANZAR
18.208,1.50000,1.50000,1.49879,AVANZAR
18.240,1.50000,1.50000,1.49880,AVANZAR
18.272,1.50000,1.50000,1.49878,AVANZAR
18.304,1.50000,1.50000,1.49877,AVANZAR
18.336,1.50000,1.50000,1.49879,AVANZAR
18.368,1.50000,1.50000,1.49880,AVANZAR
18.400,1.50000,1.50000,1.49878,AVANZAR
18.432,1.50000,1.50000,1.49877,AVANZAR
18.464,1.50000,1.50000,1.49879,AVANZAR
18.496,1.50000,1.50000,1.49880,AVANZAR
18.528,1.50000,1.50000,1.49876,AVANZAR
18.560,1.50000,1.50000,1.49879,AVANZAR
18.592,1.50000,1.50000,1.49880,AVANZAR
18.624,1.50000,1.50000,1.49878,AVANZAR
18.656,1.50000,1.50000,1.49877,AVANZAR
18.688,1.50000,1.50000,1.49879,AVANZAR
18.720,1.50000,1.50000,1.49880,AVANZAR
18.752,1.50000,1.50000,1.49878,AVANZAR
18.784,1.50000,1.50000,1.49877,AVANZAR
18.816,1.50000,1.50000,1.49879,AVANZAR
18.848,1.50000,1.50000,1.49878,AVANZAR
18.880,1.50000,1.50000,1.49877,AVANZAR
18.912,1.50000,1.50000,1.49879,AVANZAR
18.944,1.50000,1.50000,1.49880,AVANZAR
18.976,1.50000,1.50000,1.49878,AVANZAR
19.008,1.50000,1.50000,1.49877,AVANZAR
19.040,1.50000,1.50000,1.49879,AVANZAR
19.072,1.50000,1.50000,1.49880,AVANZAR
19.104,1.50000,1.50000,1.49878,AVANZAR
19.136,1.50000,1.50000,1.49877,AVANZAR
19.168,1.50000,1.50000,1.49879,AVANZAR
19.200,1.50000,1.50000,1.49878,AVANZAR
19.232,1.50000,1.50000,1.49877,AVANZAR
19.264,1.50000,1.50000,1.49879,AVANZAR
19.296,1.50000,1.50000,1.49880,AVANZAR
19.328,1.50000,1.50000,1.49878,AVANZAR
19.360,1.50000,1.50000,1.49877,AVANZAR
19.392,1.50000,1.50000,1.49879,AVANZAR
19.424,1.50000,1.50000,1.49880,AVANZAR
19.456,1.50000,1.50000,1.49876,AVANZAR
19.488,1.50000,1.50000,1.49879,AVANZAR
19.520,1.50000,1.50000,1.49880,AVANZAR
19.552,1.50000,1.50000,1.49878,AVANZAR
19.584,1.50000,1.50000,1.49877,AVANZAR
19.616,1.50000,1.50000,1.49879,AVANZAR
19.648,1.50000,1.50000,1.49880,AVANZAR
19.680,1.50000,1.50000,1.49878,AVANZAR
19.712,1.50000,1.50000,1.49877,AVANZAR
19.744,1.50000,1.50000,1.49879,AVANZAR
19.776,1.50000,1.50000,1.49880,AVANZAR
19.808,1.50000,1.50000,1.49876,AVANZAR
19.840,1.50000,1.50000,1.49879,AVANZAR
19.872,1.50000,1.50000,1.49880,AVANZAR
19.904,1.50000,1.50000,1.49878,AVANZAR
19.936,1.50000,1.50000,1.49877,AVANZAR
19.968,1.50000,1.50000,1.49879,AVANZAR
20.000,1.50000,1.50000,1.49880,AVANZAR
20.032,1.50000,1.50000,1.49878,AVANZAR
20.064,1.50000,1.50000,1.49877,AVANZAR
20.096,1.50000,1.50000,1.49879,AVANZAR
20.128,1.50000,1.50000,1.49878,AVANZAR
20.160,1.50000,1.50000,1.49877,AVANZAR
20.192,1.50000,1.50000,1.49879,AVANZAR
20.224,1.50000,1.50000,1.49880,AVANZAR
20.256,1.50000,1.50000,1.49878,AVANZAR
20.288,1.50000,1.50000,1.49877,AVANZAR
20.320,1.50000,1.50000,1.49879,AVANZAR
20.352,1.50000,1.50000,1.49880,AVANZAR
20.384,1.50000,1.50000,1.49878,AVANZAR
20.416,1.50000,1.50000,1.49877,AVANZAR
20.448,1.50000,1.50000,1.49879,AVANZAR
20.480,1.50000,1.50000,1.49878,AVANZAR
20.512,1.50000,1.50000,1.49877,AVANZAR
20.544,1.50000,1.50000,1.49879,AVANZAR
20.576,1.50000,1.50000,1.49880,AVANZAR
20.608,1.50000,1.50000,1.49878,AVANZAR
20.640,1.50000,1.50000,1.49877,AVANZAR
20.672,1.50000,1.50000,1.49879,AVANZAR
20.704,1.50000,1.50000,1.49880,AVANZAR
20.736,1.50000,1.50000,1.49876,AVANZAR
20.768,1.50000,1.50000,1.49879,AVANZAR
20.800,1.50000,1.50000,1.49880,AVANZAR
20.832,1.50000,1.50000,1.49878,AVANZAR
20.864,1.50000,1.50000,1.49877,AVANZAR
20.896,1.50000,1.50000,1.49879,AVANZAR
20.928,1.50000,1.50000,1.49880,AVANZAR
20.960,1.50000,1.50000,1.49878,AVANZAR
20.992,1.50000,1.50000,1.49877,AVANZAR
21.024,1.50000,1.50000,1.49879,AVANZAR
21.056,1.50000,1.50000,1.49880,AVANZAR
21.088,1.50000,1.50000,1.49876,AVANZAR
21.120,1.50000,1.50000,1.49879,AVANZAR
21.152,1.50000,1.50000,1.49880,AVANZAR
21.184,1.50000,1.50000,1.49878,AVANZAR
21.216,1.50000,1.50000,1.49877,AVANZAR
21.248,1.50000,1.50000,1.49879,AVANZAR
21.280,1.50000,1.50000,1.49880,AVANZAR
21.312,1.50000,1.50000,1.49878,AVANZAR
21.344,1.50000,1.50000,1.49877,AVANZAR
21.376,1.50000,1.50000,1.49879,AVANZAR
21.408,1.50000,1.50000,1.49878,AVANZAR
21.440,1.50000,1.50000,1.49877,AVANZAR
21.472,1.50000,1.50000,1.49879,AVANZAR
21.504,1.50000,1.50000,1.49880,AVANZAR
21.536,1.50000,1.50000,1.49878,AVANZAR
21.568,1.50000,1.50000,1.49877,AVANZAR
21.600,1.50000,1.50000,1.49879,AVANZAR
21.632,1.50000,1.50000,1.49880,AVANZAR
21.664,1.50000,1.50000,1.49878,AVANZAR
21.696,1.50000,1.50000,1.49877,AVANZAR
21.728,1.50000,1.50000,1.49879,AVANZAR
21.760,1.50000,1.50000,1.49878,AVANZAR
21.792,1.50000,1.50000,1.49877,AVANZAR
21.824,1.50000,1.50000,1.49879,AVANZAR
21.856,1.50000,1.50000,1.49880,AVANZAR
21.888,1.50000,1.50000,1.49878,AVANZAR
21.920,1.50000,1.50000,1.49877,AVANZAR
21.952,1.50000,1.50000,1.49879,AVANZAR
21.984,1.50000,1.50000,1.49880,AVANZAR
22.016,1.50000,1.50000,1.49876,AVANZAR
22.048,1.50000,1.50000,1.49879,AVANZAR
22.080,1.50000,1.50000,1.49880,AVANZAR
22.112,1.50000,1.50000,1.49878,AVANZAR
22.144,1.50000,1.50000,1.49877,AVANZAR
22.176,1.50000,1.50000,1.49879,AVANZAR
22.208,1.50000,1.50000,1.49880,AVANZAR
22.240,1.50000,1.50000,1.49878,AVANZAR
22.272,1.50000,1.50000,1.49877,AVANZAR
22.304,1.50000,1.50000,1.49879,AVANZAR
22.336,1.50000,1.50000,1.49880,AVANZAR
22.368,1.50000,1.50000,1.49876,AVANZAR
22.400,1.50000,1.50000,1.49879,AVANZAR
22.432,1.50000,1.50000,1.49880,AVANZAR
22.464,1.50000,1.50000,1.49878,AVANZAR
22.496,1.50000,1.50000,1.49877,AVANZAR
22.528,1.50000,1.50000,1.49879,AVANZAR
22.560,1.50000,1.50000,1.49880,AVANZAR
22.592,1.50000,1.50000,1.49878,AVANZAR
22.624,1.50000,1.50000,1.49877,AVANZAR
22.656,1.50000,1.50000,1.49879,AVANZAR
22.688,1.50000,1.50000,1.49878,AVANZAR
22.720,1.50000,1.50000,1.49877,AVANZAR
22.752,1.50000,1.50000,1.49879,AVANZAR
22.784,1.50000,1.50000,1.49880,AVANZAR
22.816,1.50000,1.50000,1.49878,AVANZAR
22.848,1.50000,1.50000,1.49877,AVANZAR
22.880,1.50000,1.50000,1.49879,AVANZAR
22.912,1.50000,1.50000,1.49880,AVANZAR
22.944,1.50000,1.50000,1.49878,AVANZAR
22.976,1.50000,1.50000,1.49877,AVANZAR
23.008,1.50000,1.50000,1.49879,AVANZAR
23.040,1.50000,1.50000,1.49878,AVANZAR
23.072,1.50000,1.50000,1.49877,AVANZAR
23.104,1.50000,1.50000,1.49879,AVANZAR
23.136,1.50000,1.50000,1.49880,AVANZAR
23.168,1.50000,1.50000,1.49878,AVANZAR
23.200,1.50000,1.50000,1.49877,AVANZAR
23.232,1.50000,1.50000,1.49879,AVANZAR
23.264,1.50000,1.50000,1.49880,AVANZAR
23.296,1.50000,1.50000,1.49876,AVANZAR
23.328,1.50000,1.50000,1.49879,AVANZAR
23.360,1.50000,1.50000,1.49880,AVANZAR
23.392,1.50000,1.50000,1.49878,AVANZAR
23.424,1.50000,1.50000,1.49877,AVANZAR
23.456,1.50000,1.50000,1.49879,AVANZAR
23.488,1.50000,1.50000,1.49880,AVANZAR
23.520,1.50000,1.50000,1.49878,AVANZAR
23.552,1.50000,1.50000,1.49877,AVANZAR
23.584,1.50000,1.50000,1.49879,AVANZAR
23.616,1.50000,1.50000,1.49880,AVANZAR
23.648,1.50000,1.50000,1.49876,AVANZAR
23.680,1.50000,1.50000,1.49879,AVANZAR
23.712,1.50000,1.50000,1.49880,AVANZAR
23.744,1.50000,1.50000,1.49878,AVANZAR
23.776,1.50000,1.50000,1.49877,AVANZAR
23.808,1.50000,1.50000,1.49879,AVANZAR
23.840,1.50000,1.50000,1.49880,AVANZAR
23.872,1.50000,1.50000,1.49878,AVANZAR
23.904,1.50000,1.50000,1.49877,AVANZAR
23.936,1.50000,1.50000,1.49879,AVANZAR
23.968,1.50000,1.50000,1.49878,AVANZAR
24.000,1.50000,1.50000,1.49877,AVANZAR
24.032,1.50000,1.50000,1.49879,AVANZAR
24.064,1.50000,1.50000,1.49880,AVANZAR
24.096,1.50000,1.50000,1.49878,AVANZAR
24.128,1.50000,1.50000,1.49877,AVANZAR
24.160,1.50000,1.50000,1.49879,AVANZAR
24.192,1.50000,1.50000,1.49880,AVANZAR
24.224,1.50000,1.50000,1.49878,AVANZAR
24.256,1.50000,1.50000,1.49877,AVANZAR
24.288,1.50000,1.50000,1.49879,AVANZAR
24.320,1.50000,1.50000,1.49878,AVANZAR
24.352,1.50000,1.50000,1.49877,AVANZAR
24.384,1.50000,1.50000,1.49879,AVANZAR
24.416,1.50000,1.50000,1.49880,AVANZAR
24.448,1.50000,1.50000,1.49878,AVANZAR
24.480,1.50000,1.50000,1.49877,AVANZAR
24.512,1.50000,1.50000,1.49879,AVANZAR
24.544,1.50000,1.50000,1.49880,AVANZAR
24.576,1.50000,1.50000,1.49876,AVANZAR
24.608,1.50000,1.50000,1.49879,AVANZAR
24.640,1.50000,1.50000,1.49880,AVANZAR
24.672,1.50000,1.50000,1.49878,AVANZAR
24.704,1.50000,1.50000,1.49877,AVANZAR
24.736,1.50000,1.50000,1.49879,AVANZAR
24.768,1.50000,1.50000,1.49880,AVANZAR
24.800,1.50000,1.50000,1.49878,AVANZAR
24.832,1.50000,1.50000,1.49877,AVANZAR
24.864,1.50000,1.50000,1.49879,AVANZAR
24.896,1.50000,1.50000,1.49880,AVANZAR
24.928,1.50000,1.50000,1.49876,AVANZAR
24.960,1.50000,1.50000,1.49879,AVANZAR
24.992,1.50000,1.50000,1.49880,AVANZAR
25.024,1.50000,1.50000,1.49878,AVANZAR
25.056,1.50000,1.50000,1.49877,AVANZAR
25.088,1.50000,1.50000,1.49879,AVANZAR
25.120,1.50000,1.50000,1.49880,AVANZAR
25.152,1.50000,1.50000,1.49878,AVANZAR
25.184,1.50000,1.50000,1.49877,AVANZAR
25.216,1.50000,1.50000,1.49879,AVANZAR
25.248,1.50000,1.50000,1.49878,AVANZAR
25.280,1.50000,1.50000,1.49877,AVANZAR
25.312,1.50000,1.50000,1.49879,AVANZAR
25.344,1.50000,1.50000,1.49880,AVANZAR
25.376,1.50000,1.50000,1.49878,AVANZAR
25.408,1.50000,1.50000,1.49877,AVANZAR
25.440,1.50000,1.50000,1.49879,AVANZAR
25.472,1.50000,1.50000,1.49880,AVANZAR
25.504,1.50000,1.50000,1.49878,AVANZAR
25.536,1.50000,1.50000,1.49877,AVANZAR
25.568,1.50000,1.50000,1.49879,AVANZAR
25.600,1.50000,1.50000,1.49878,AVANZAR
25.632,1.50000,1.50000,1.49877,AVANZAR
25.664,1.50000,1.50000,1.49879,AVANZAR
25.696,1.50000,1.50000,1.49880,AVANZAR
25.728,1.36683,1.50000,1.41647,AVANZAR
25.760,1.40089,1.50000,1.40608,AVANZAR
25.792,1.36579,1.50000,1.38045,AVANZAR
25.824,1.45147,1.50000,1.42360,AVANZAR
25.856,1.42525,1.50000,1.42386,AVANZAR
25.888,1.39419,1.49731,1.40476,AVANZAR
25.920,1.29167,1.48667,1.33413,AVANZAR
25.952,1.28011,1.46747,1.29998,AVANZAR
25.984,1.25681,1.44657,1.27253,AVANZAR
26.016,1.22379,1.41895,1.24167,AVANZAR
26.048,1.13216,1.38516,1.17325,AVANZAR
26.080,0.98601,1.34441,1.05677,AVANZAR
26.112,0.90377,1.30398,0.96145,AVANZAR
26.144,0.79295,1.23937,0.85657,AVANZAR
26.176,0.70989,1.16992,0.76518,AVANZAR
26.208,0.62170,1.09102,0.67572,AVANZAR
26.240,0.58177,1.00390,0.61692,AVANZAR
26.272,0.47124,0.90427,0.52615,AVANZAR
26.304,0.39944,0.81329,0.44707,GIRAR_DER
26.336,0.28573,0.72379,0.34723,GIRAR_DER
26.368,0.31599,0.66153,0.32780,GIRAR_DER
26.400,0.35635,0.64679,0.34532,GIRAR_DER
26.432,0.37888,0.66033,0.36594,GIRAR_DER
26.464,0.33777,0.70428,0.34840,GIRAR_DER
26.496,0.24475,0.76475,0.28422,GIRAR_DER
26.528,0.19469,0.80173,0.22874,GIRAR_DER
26.560,0.17177,0.80849,0.19343,GIRAR_DER
26.592,0.15506,0.80285,0.16957,GIRAR_DER
26.624,0.14795,0.77932,0.15609,GIRAR_DER
26.656,0.14310,0.74311,0.14794,GIRAR_DER
26.688,0.13988,0.72319,0.14284,GIRAR_DER
26.720,0.13757,0.70692,0.13949,GIRAR_DER
26.752,0.13619,0.69280,0.13730,GIRAR_DER
26.784,0.13822,0.68460,0.13772,GIRAR_DER
26.816,0.13844,0.68630,0.13807,GIRAR_DER
26.848,0.14147,0.69358,0.14005,GIRAR_DER
26.880,0.14574,0.71313,0.14342,GIRAR_DER
26.912,0.15624,0.74138,0.15124,GIRAR_DER
26.944,0.17234,0.77575,0.16413,GIRAR_DER
26.976,0.19501,0.79387,0.18309,GIRAR_DER
27.008,0.22721,0.79657,0.21023,GIRAR_DER
27.040,0.28562,0.78025,0.25670,GIRAR_DER
27.072,0.37721,0.74669,0.33105,GIRAR_DER
27.104,0.44074,0.69418,0.39872,GIRAR_DER
27.136,0.50782,0.65071,0.46600,GIRAR_DER
27.168,0.52272,0.61338,0.50096,CORRIGIENDO_DER
27.200,0.48126,0.57889,0.48814,GIRAR_DER
27.232,0.45752,0.54413,0.46910,GIRAR_DER
27.264,0.40483,0.51184,0.42925,GIRAR_DER
27.296,0.35720,0.48530,0.38460,GIRAR_DER
27.328,0.33109,0.46193,0.35141,GIRAR_DER
27.360,0.25544,0.43886,0.29197,GIRAR_DER
27.392,0.22290,0.42583,0.24916,GIRAR_DER
27.424,0.19871,0.42456,0.21783,GIRAR_DER
27.456,0.19839,0.42439,0.20572,GIRAR_DER
27.488,0.18180,0.42966,0.19082,GIRAR_DER
27.520,0.18140,0.44752,0.18485,GIRAR_DER
27.552,0.17937,0.47671,0.18134,GIRAR_DER
27.584,0.17337,0.51684,0.17629,GIRAR_DER
27.616,0.15105,0.56285,0.16057,GIRAR_DER
27.648,0.13774,0.62451,0.14633,GIRAR_DER
27.680,0.12779,0.69076,0.13473,GIRAR_DER
27.712,0.12032,0.75130,0.12572,GIRAR_DER
27.744,0.11562,0.80174,0.11935,GIRO_VERTICE_DER
27.776,0.11248,0.85819,0.11510,GIRO_VERTICE_DER
27.808,0.11347,0.90404,0.11407,GIRO_VERTICE_DER
27.840,0.11787,0.95103,0.11644,GIRO_VERTICE_DER
27.872,0.12611,1.01727,0.12242,GIRAR_DER
27.904,0.13192,1.08915,0.12817,GIRAR_DER
27.936,0.14052,1.15807,0.13565,GIRAR_DER
27.968,0.14891,1.23397,0.14372,GIRAR_DER
28.000,0.16748,1.31540,0.15831,GIRAR_DER
28.032,0.20242,1.37799,0.18542,GIRAR_DER
28.064,0.24584,1.43149,0.22264,GIRAR_DER
28.096,0.35326,1.47279,0.30327,GIRAR_DER
28.128,0.41579,1.49541,0.37266,GIRAR_DER
28.160,0.48125,1.50000,0.43965,GIRAR_DER
28.192,0.58091,1.50000,0.52681,CORRIGIENDO_DER
28.224,0.59873,1.50000,0.57064,CORRIGIENDO_DER
28.256,0.61352,1.50000,0.59653,CORRIGIENDO_DER
28.288,0.63882,1.50000,0.62203,CORRIGIENDO_DER
28.320,0.65722,1.50000,0.64316,CORRIGIENDO_DER
28.352,0.66625,1.50000,0.65682,CORRIGIENDO_DER
28.384,0.70176,1.50000,0.68396,CORRIGIENDO_DER
28.416,0.72816,1.50000,0.71064,CORRIGIENDO_DER
28.448,0.75961,1.50000,0.74029,CORRIGIENDO_DER
28.480,0.78817,1.50000,0.76926,CORRIGIENDO_DER
28.512,0.86994,1.50000,0.83087,CORRIGIENDO_DER
28.544,0.91001,1.50000,0.87912,CORRIGIENDO_DER
28.576,0.94046,1.50000,0.91641,CORRIGIENDO_DER
28.608,1.01703,1.50000,0.97798,CORRIGIENDO_DER
28.640,1.06383,1.50000,1.03040,CORRIGIENDO_DER
28.672,1.12131,1.50000,1.08597,CORRIGIENDO_DER
28.704,1.16639,1.50000,1.13503,CORRIGIENDO_DER
28.736,1.27953,1.50000,1.22372,CORRIGIENDO_DER
28.768,1.34593,1.50000,1.29861,CORRIGIENDO_DER
28.800,1.42904,1.50000,1.37860,CORRIGIENDO_DER
28.832,1.48389,1.50000,1.44306,CORRIGIENDO_DER
28.864,1.49357,1.50000,1.47366,CORRIGIENDO_DER
28.896,1.50000,1.50000,1.48928,AVANZAR
28.928,1.50000,1.50000,1.49517,AVANZAR
28.960,1.50000,1.50000,1.49742,AVANZAR
28.992,1.50000,1.50000,1.49828,AVANZAR
29.024,1.50000,1.50000,1.49855,AVANZAR
29.056,1.50000,1.50000,1.49871,AVANZAR
29.088,1.50000,1.50000,1.49877,AVANZAR
29.120,1.50000,1.50000,1.49874,AVANZAR
29.152,1.50000,1.50000,1.49878,AVANZAR
29.184,1.50000,1.50000,1.49880,AVANZAR
29.216,1.50000,1.50000,1.49880,AVANZAR
29.248,1.50000,1.50000,1.49876,AVANZAR
29.280,1.50000,1.50000,1.49879,AVANZAR
29.312,1.50000,1.50000,1.49880,AVANZAR
29.344,1.50000,1.50000,1.49875,AVANZAR
29.376,1.50000,1.50000,1.49879,AVANZAR
29.408,1.50000,1.50000,1.49880,AVANZAR
29.440,1.50000,1.50000,1.49880,AVANZAR
29.472,1.50000,1.50000,1.49876,AVANZAR
29.504,1.50000,1.50000,1.49879,AVANZAR
29.536,1.50000,1.50000,1.49880,AVANZAR
29.568,1.50000,1.50000,1.49878,AVANZAR
29.600,1.50000,1.50000,1.49877,AVANZAR
29.632,1.50000,1.50000,1.49879,AVANZAR
29.664,1.50000,1.50000,1.49880,AVANZAR
29.696,1.50000,1.50000,1.49876,AVANZAR
29.728,1.50000,1.50000,1.49879,AVANZAR
29.760,1.50000,1.50000,1.49880,AVANZAR
29.792,1.50000,1.50000,1.49880,AVANZAR
29.824,1.50000,1.50000,1.49876,AVANZAR
29.856,1.50000,1.50000,1.49879,AVANZAR
29.888,1.50000,1.50000,1.49880,AVANZAR
29.920,1.50000,1.50000,1.49878,AVANZAR
29.952,1.50000,1.50000,1.49877,AVANZAR
29.984,1.50000,1.50000,1.49879,AVANZAR
30.016,1.50000,1.50000,1.49880,AVANZAR
30.048,1.50000,1.50000,1.49876,AVANZAR
30.080,1.50000,1.50000,1.49879,AVANZAR
30.112,1.50000,1.50000,1.49880,AVANZAR
30.144,1.50000,1.50000,1.49880,AVANZAR
30.176,1.50000,1.50000,1.49876,AVANZAR
30.208,1.50000,1.50000,1.49879,AVANZAR
30.240,1.50000,1.50000,1.49880,AVANZAR
30.272,1.50000,1.50000,1.49878,AVANZAR
30.304,1.50000,1.50000,1.49877,AVANZAR
30.336,1.50000,1.50000,1.49879,AVANZAR
30.368,1.50000,1.50000,1.49880,AVANZAR
30.400,1.50000,1.50000,1.49876,AVANZAR
30.432,1.50000,1.50000,1.49879,AVANZAR
30.464,1.50000,1.50000,1.49880,AVANZAR
30.496,1.50000,1.50000,1.49880,AVANZAR
30.528,1.50000,1.50000,1.49876,AVANZAR
30.560,1.50000,1.50000,1.49879,AVANZAR
30.592,1.50000,1.50000,1.49880,AVANZAR
30.624,1.50000,1.50000,1.49875,AVANZAR
30.656,1.50000,1.50000,1.49879,AVANZAR
30.688,1.50000,1.50000,1.49880,AVANZAR
30.720,1.50000,1.50000,1.49880,AVANZAR
30.752,1.50000,1.50000,1.49876,AVANZAR
30.784,1.50000,1.50000,1.49879,AVANZAR
30.816,1.50000,1.50000,1.49880,AVANZAR
30.848,1.50000,1.50000,1.49880,AVANZAR
30.880,1.50000,1.50000,1.49876,AVANZAR
30.912,1.50000,1.50000,1.49879,AVANZAR
30.944,1.50000,1.50000,1.49880,AVANZAR
30.976,1.50000,1.50000,1.49875,AVANZAR
31.008,1.50000,1.50000,1.49879,AVANZAR
31.040,1.50000,1.50000,1.49880,AVANZAR
31.072,1.50000,1.50000,1.49880,AVANZAR
31.104,1.50000,1.50000,1.49876,AVANZAR
31.136,1.50000,1.50000,1.49879,AVANZAR
31.168,1.50000,1.50000,1.49880,AVANZAR
31.200,1.50000,1.50000,1.49878,AVANZAR
31.232,1.50000,1.50000,1.49877,AVANZAR
31.264,1.50000,1.50000,1.49879,AVANZAR
31.296,1.50000,1.50000,1.49880,AVANZAR
31.328,1.50000,1.50000,1.49876,AVANZAR
31.360,1.50000,1.50000,1.49879,AVANZAR
31.392,1.50000,1.50000,1.49880,AVANZAR
31.424,1.50000,1.50000,1.49880,AVANZAR
31.456,1.50000,1.50000,1.49876,AVANZAR
31.488,1.50000,1.50000,1.49879,AVANZAR
31.520,1.50000,1.50000,1.49880,AVANZAR
31.552,1.50000,1.50000,1.49878,AVANZAR
31.584,1.50000,1.50000,1.49877,AVANZAR
31.616,1.50000,1.50000,1.49879,AVANZAR
31.648,1.50000,1.50000,1.49880,AVANZAR
31.680,1.50000,1.50000,1.49876,AVANZAR
31.712,1.50000,1.50000,1.49879,AVANZAR
31.744,1.50000,1.50000,1.49880,AVANZAR
31.776,1.50000,1.50000,1.49880,AVANZAR
31.808,1.50000,1.50000,1.49876,AVANZAR
31.840,1.50000,1.50000,1.49879,AVANZAR
31.872,1.50000,1.50000,1.49880,AVANZAR
31.904,1.50000,1.50000,1.49875,AVANZAR
31.936,1.50000,1.50000,1.49879,AVANZAR
31.968,1.50000,1.50000,1.49880,AVANZAR
32.000,1.50000,1.50000,1.49880,AVANZAR
32.032,1.50000,1.50000,1.49876,AVANZAR
32.064,1.50000,1.50000,1.49879,AVANZAR
32.096,1.50000,1.50000,1.49880,AVANZAR
32.128,1.50000,1.50000,1.49880,AVANZAR
32.160,1.50000,1.50000,1.49876,AVANZAR
32.192,1.50000,1.50000,1.49879,AVANZAR
32.224,1.50000,1.50000,1.49880,AVANZAR
32.256,1.50000,1.50000,1.49875,AVANZAR
32.288,1.50000,1.50000,1.49879,AVANZAR
32.320,1.50000,1.50000,1.49880,AVANZAR
32.352,1.50000,1.50000,1.49880,AVANZAR
32.384,1.50000,1.50000,1.49876,AVANZAR
32.416,1.50000,1.50000,1.49879,AVANZAR
32.448,1.50000,1.50000,1.49880,AVANZAR
32.480,1.50000,1.50000,1.49878,AVANZAR
32.512,1.50000,1.50000,1.49877,AVANZAR
32.544,1.50000,1.50000,1.49879,AVANZAR
32.576,1.50000,1.50000,1.49880,AVANZAR
32.608,1.50000,1.50000,1.49876,AVANZAR
32.640,1.50000,1.50000,1.49879,AVANZAR
32.672,1.50000,1.50000,1.49880,AVANZAR
32.704,1.50000,1.50000,1.49880,AVANZAR
32.736,1.50000,1.50000,1.49876,AVANZAR
32.768,1.50000,1.50000,1.49879,AVANZAR
32.800,1.50000,1.50000,1.49880,AVANZAR
32.832,1.50000,1.50000,1.49878,AVANZAR
32.864,1.50000,1.50000,1.49877,AVANZAR
32.896,1.50000,1.50000,1.49879,AVANZAR
32.928,1.50000,1.50000,1.49880,AVANZAR
32.960,1.50000,1.50000,1.49876,AVANZAR
32.992,1.50000,1.50000,1.49879,AVANZAR
33.024,1.50000,1.50000,1.49880,AVANZAR
33.056,1.50000,1.50000,1.49880,AVANZAR
33.088,1.50000,1.50000,1.49876,AVANZAR
33.120,1.50000,1.50000,1.49879,AVANZAR
33.152,1.50000,1.50000,1.49880,AVANZAR
33.184,1.50000,1.50000,1.49875,AVANZAR
33.216,1.50000,1.50000,1.49879,AVANZAR
33.248,1.50000,1.50000,1.49880,AVANZAR
33.280,1.50000,1.50000,1.49880,AVANZAR
33.312,1.50000,1.50000,1.49876,AVANZAR
33.344,1.50000,1.50000,1.49879,AVANZAR
33.376,1.50000,1.50000,1.49880,AVANZAR
33.408,1.50000,1.50000,1.49880,AVANZAR
33.440,1.50000,1.50000,1.49876,AVANZAR
33.472,1.50000,1.50000,1.49879,AVANZAR
33.504,1.50000,1.50000,1.49880,AVANZAR
33.536,1.50000,1.50000,1.49875,AVANZAR
33.568,1.50000,1.50000,1.49879,AVANZAR
33.600,1.50000,1.50000,1.49880,AVANZAR
33.632,1.50000,1.50000,1.49880,AVANZAR
33.664,1.50000,1.50000,1.49876,AVANZAR
33.696,1.50000,1.50000,1.49879,AVANZAR
33.728,1.50000,1.50000,1.49880,AVANZAR
33.760,1.50000,1.50000,1.49878,AVANZAR
33.792,1.50000,1.50000,1.49877,AVANZAR
33.824,1.50000,1.50000,1.49879,AVANZAR
33.856,1.50000,1.50000,1.49880,AVANZAR
33.888,1.50000,1.50000,1.49876,AVANZAR
33.920,1.50000,1.50000,1.49879,AVANZAR
33.952,1.50000,1.50000,1.49880,AVANZAR
33.984,1.50000,1.50000,1.49880,AVANZAR
34.016,1.50000,1.50000,1.49876,AVANZAR
34.048,1.50000,1.50000,1.49879,AVANZAR
34.080,1.50000,1.50000,1.49880,AVANZAR
34.112,1.50000,1.50000,1.49878,AVANZAR
34.144,1.50000,1.50000,1.49877,AVANZAR
34.176,1.50000,1.50000,1.49879,AVANZAR
34.208,1.50000,1.50000,1.49880,AVANZAR
34.240,1.50000,1.50000,1.49876,AVANZAR
34.272,1.50000,1.50000,1.49879,AVANZAR
34.304,1.50000,1.50000,1.49880,AVANZAR
34.336,1.50000,1.50000,1.49880,AVANZAR
34.368,1.50000,1.50000,1.49876,AVANZAR
34.400,1.50000,1.50000,1.49879,AVANZAR
34.432,1.50000,1.50000,1.49880,AVANZAR
34.464,1.50000,1.50000,1.49875,AVANZAR
34.496,1.50000,1.50000,1.49879,AVANZAR
34.528,1.50000,1.50000,1.49880,AVANZAR
34.560,1.50000,1.50000,1.49880,AVANZAR
34.592,1.50000,1.50000,1.49876,AVANZAR
34.624,1.50000,1.50000,1.49879,AVANZAR
34.656,1.50000,1.50000,1.49880,AVANZAR
34.688,1.50000,1.50000,1.49880,AVANZAR
34.720,1.50000,1.50000,1.49876,AVANZAR
34.752,1.50000,1.50000,1.49879,AVANZAR
34.784,1.50000,1.50000,1.49880,AVANZAR
34.816,1.50000,1.50000,1.49875,AVANZAR
34.848,1.50000,1.50000,1.49879,AVANZAR
34.880,1.50000,1.50000,1.49880,AVANZAR
34.912,1.50000,1.50000,1.49880,AVANZAR
34.944,1.50000,1.50000,1.49876,AVANZAR
34.976,1.50000,1.50000,1.49879,AVANZAR
35.008,1.50000,1.50000,1.49880,AVANZAR
35.040,1.50000,1.50000,1.49878,AVANZAR
35.072,1.50000,1.50000,1.49877,AVANZAR
35.104,1.50000,1.50000,1.49879,AVANZAR
35.136,1.50000,1.50000,1.49880,AVANZAR
35.168,1.50000,1.50000,1.49876,AVANZAR
35.200,1.50000,1.50000,1.49879,AVANZAR
35.232,1.50000,1.50000,1.49880,AVANZAR
35.264,1.50000,1.50000,1.49880,AVANZAR
35.296,1.50000,1.50000,1.49876,AVANZAR
35.328,1.50000,1.50000,1.49879,AVANZAR
35.360,1.50000,1.50000,1.49880,AVANZAR
35.392,1.50000,1.50000,1.49878,AVANZAR
35.424,1.50000,1.50000,1.49877,AVANZAR
35.456,1.50000,1.50000,1.49879,AVANZAR
35.488,1.50000,1.50000,1.49880,AVANZAR
35.520,1.50000,1.50000,1.49876,AVANZAR
35.552,1.50000,1.50000,1.49879,AVANZAR
35.584,1.50000,1.50000,1.49880,AVANZAR
35.616,1.50000,1.50000,1.49880,AVANZAR
35.648,1.50000,1.50000,1.49876,AVANZAR
35.680,1.50000,1.50000,1.49879,AVANZAR
35.712,1.50000,1.50000,1.49880,AVANZAR
35.744,1.50000,1.50000,1.49878,AVANZAR
35.776,1.50000,1.50000,1.49877,AVANZAR
35.808,1.50000,1.50000,1.49879,AVANZAR
35.840,1.50000,1.50000,1.49880,AVANZAR
35.872,1.50000,1.50000,1.49876,AVANZAR
35.904,1.50000,1.50000,1.49879,AVANZAR
35.936,1.50000,1.50000,1.49880,AVANZAR
35.968,1.50000,1.50000,1.49880,AVANZAR
36.000,1.50000,1.50000,1.49876,AVANZAR
36.032,1.50000,1.50000,1.49879,AVANZAR
36.064,1.50000,1.50000,1.49880,AVANZAR
36.096,1.50000,1.50000,1.49875,AVANZAR
36.128,1.50000,1.50000,1.49879,AVANZAR
36.160,1.50000,1.50000,1.49880,AVANZAR
36.192,1.50000,1.50000,1.49880,AVANZAR
36.224,1.50000,1.50000,1.49876,AVANZAR
36.256,1.50000,1.50000,1.49879,AVANZAR
36.288,1.50000,1.50000,1.49880,AVANZAR
36.320,1.50000,1.50000,1.49878,AVANZAR
36.352,1.50000,1.50000,1.49877,AVANZAR
36.384,1.50000,1.50000,1.49879,AVANZAR
36.416,1.50000,1.50000,1.49880,AVANZAR
36.448,1.50000,1.50000,1.49876,AVANZAR
36.480,1.50000,1.50000,1.49879,AVANZAR
36.512,1.50000,1.50000,1.49880,AVANZAR
36.544,1.50000,1.50000,1.49880,AVANZAR
36.576,1.50000,1.50000,1.49876,AVANZAR
36.608,1.50000,1.50000,1.49879,AVANZAR
36.640,1.50000,1.50000,1.49880,AVANZAR
36.672,1.50000,1.50000,1.49878,AVANZAR
36.704,1.50000,1.50000,1.49877,AVANZAR
36.736,1.50000,1.50000,1.49879,AVANZAR
36.768,1.50000,1.50000,1.49880,AVANZAR
36.800,1.50000,1.50000,1.49876,AVANZAR
36.832,1.50000,1.50000,1.49879,AVANZAR
36.864,1.50000,1.50000,1.49880,AVANZAR
36.896,1.50000,1.50000,1.49880,AVANZAR
36.928,1.50000,1.50000,1.49876,AVANZAR
36.960,1.50000,1.50000,1.49879,AVANZAR
36.992,1.50000,1.50000,1.49880,AVANZAR
37.024,1.50000,1.50000,1.49878,AVANZAR
37.056,1.50000,1.50000,1.49877,AVANZAR
37.088,1.50000,1.50000,1.49879,AVANZAR
37.120,1.50000,1.50000,1.49880,AVANZAR
37.152,1.50000,1.50000,1.49876,AVANZAR
37.184,1.50000,1.50000,1.49879,AVANZAR
37.216,1.50000,1.50000,1.49880,AVANZAR
37.248,1.50000,1.50000,1.49880,AVANZAR
37.280,1.50000,1.50000,1.49876,AVANZAR
37.312,1.50000,1.50000,1.49879,AVANZAR
37.344,1.50000,1.50000,1.49880,AVANZAR
37.376,1.50000,1.50000,1.49875,AVANZAR
37.408,1.50000,1.50000,1.49879,AVANZAR
37.440,1.50000,1.50000,1.49880,AVANZAR
37.472,1.50000,1.50000,1.49880,AVANZAR
37.504,1.50000,1.50000,1.49876,AVANZAR
37.536,1.50000,1.50000,1.49879,AVANZAR
37.568,1.50000,1.50000,1.49880,AVANZAR
37.600,1.50000,1.50000,1.49878,AVANZAR
37.632,1.50000,1.50000,1.49877,AVANZAR
37.664,1.50000,1.50000,1.49879,AVANZAR
37.696,1.50000,1.50000,1.49880,AVANZAR
37.728,1.50000,1.50000,1.49876,AVANZAR
37.760,1.50000,1.50000,1.49879,AVANZAR
37.792,1.50000,1.50000,1.49880,AVANZAR
37.824,1.50000,1.50000,1.49880,AVANZAR
37.856,1.50000,1.50000,1.49876,AVANZAR
37.888,1.50000,1.50000,1.49879,AVANZAR
37.920,1.50000,1.50000,1.49880,AVANZAR
37.952,1.50000,1.50000,1.49878,AVANZAR
37.984,1.50000,1.50000,1.49877,AVANZAR
38.016,1.50000,1.50000,1.49879,AVANZAR
38.048,1.50000,1.50000,1.49880,AVANZAR
38.080,1.50000,1.50000,1.49876,AVANZAR
38.112,1.50000,1.50000,1.49879,AVANZAR
38.144,1.50000,1.50000,1.49880,AVANZAR
38.176,1.41285,1.49128,1.44494,AVANZAR
38.208,1.34900,1.47618,1.38486,AVANZAR
38.240,1.23287,1.44947,1.29019,AVANZAR
38.272,1.06513,1.40598,1.15035,AVANZAR
38.304,0.97322,1.35331,1.04012,AVANZAR
38.336,0.89419,1.28270,0.94917,AVANZAR
38.368,0.75942,1.19603,0.83116,AVANZAR
38.400,0.62488,1.08981,0.70293,AVANZAR
38.432,0.57698,0.98621,0.62430,AVANZAR
38.464,0.43086,0.86062,0.50401,AVANZAR
38.496,0.30797,0.73977,0.38211,GIRAR_DER
38.528,0.19816,0.62799,0.26827,GIRAR_DER
38.560,0.20034,0.55623,0.22616,GIRAR_DER
38.592,0.21392,0.51303,0.21850,GIRAR_DER
38.624,0.19324,0.50620,0.20274,GIRAR_DER
38.656,0.18777,0.52961,0.19337,GIRAR_DER
38.688,0.19113,0.58404,0.19186,GIRAR_DER
38.720,0.15716,0.64308,0.17029,GIRAR_DER
38.752,0.14264,0.70395,0.15308,GIRAR_DER
38.784,0.13076,0.76047,0.13916,GIRAR_DER
38.816,0.12200,0.81148,0.12843,GIRAR_DER
38.848,0.12402,0.85507,0.12558,GIRAR_DER
38.880,0.11696,0.88959,0.12013,GIRO_VERTICE_DER
38.912,0.11479,0.92110,0.11683,GIRO_VERTICE_DER
38.944,0.11683,0.96653,0.11680,GIRO_VERTICE_DER
38.976,0.12294,1.02700,0.12062,GIRAR_DER
39.008,0.13096,1.10030,0.12686,GIRAR_DER
39.040,0.13917,1.18396,0.13437,GIRAR_DER
39.072,0.14904,1.28187,0.14329,GIRAR_DER
39.104,0.17163,1.36502,0.16068,GIRAR_DER
39.136,0.21295,1.43029,0.19286,GIRAR_DER
39.168,0.27911,1.47253,0.24604,GIRAR_DER
39.200,0.38655,1.50000,0.33276,GIRAR_DER
39.232,0.46040,1.50000,0.41152,GIRAR_DER
39.264,0.56720,1.50000,0.50759,CORRIGIENDO_DER
39.296,0.57635,1.50000,0.54947,CORRIGIENDO_DER
39.328,0.60329,1.50000,0.58212,CORRIGIENDO_DER
39.360,0.60703,1.50000,0.59690,CORRIGIENDO_DER
39.392,0.62411,1.50000,0.61308,CORRIGIENDO_DER
39.424,0.65218,1.50000,0.63660,CORRIGIENDO_DER
39.456,0.68532,1.50000,0.66609,CORRIGIENDO_DER
39.488,1.50000,1.50000,1.18086,CORRIGIENDO_DER
39.520,1.50000,1.50000,1.37746,CORRIGIENDO_DER
39.552,1.50000,1.50000,1.45258,CORRIGIENDO_DER
39.584,1.50000,1.50000,1.48125,CORRIGIENDO_DER
39.616,1.50000,1.50000,1.49220,CORRIGIENDO_DER
39.648,1.50000,1.50000,1.49641,CORRIGIENDO_DER
39.680,1.50000,1.50000,1.49801,CORRIGIENDO_DER
39.712,1.50000,1.50000,1.49863,CORRIGIENDO_DER
39.744,1.50000,1.50000,1.49884,CORRIGIENDO_DER
39.776,1.50000,1.50000,1.49892,CORRIGIENDO_DER
39.808,1.50000,1.50000,1.49897,CORRIGIENDO_DER
39.840,1.50000,1.50000,1.49899,CORRIGIENDO_DER
39.872,1.50000,1.50000,1.49898,CORRIGIENDO_DER
39.904,1.50000,1.50000,1.49899,CORRIGIENDO_DER
39.936,1.50000,1.50000,1.49898,CORRIGIENDO_DER
39.968,1.50000,1.50000,1.49897,CORRIGIENDO_DER
40.000,1.50000,1.50000,1.49899,AVANZAR
40.032,1.50000,1.50000,1.49888,AVANZAR
40.064,1.50000,1.50000,1.49881,AVANZAR
40.096,1.50000,1.50000,1.49878,AVANZAR
40.128,1.50000,1.50000,1.49880,AVANZAR
40.160,1.50000,1.50000,1.49880,AVANZAR
40.192,1.50000,1.50000,1.49876,AVANZAR
40.224,1.50000,1.50000,1.49879,AVANZAR
40.256,1.50000,1.50000,1.49880,AVANZAR
40.288,1.50000,1.50000,1.49880,AVANZAR
40.320,1.50000,1.50000,1.49876,AVANZAR
40.352,1.50000,1.50000,1.49879,AVANZAR
40.384,1.50000,1.50000,1.49880,AVANZAR
40.416,1.50000,1.50000,1.49878,AVANZAR
40.448,1.50000,1.50000,1.49877,AVANZAR
40.480,1.50000,1.50000,1.49879,AVANZAR
40.512,1.50000,1.50000,1.49880,AVANZAR
40.544,1.50000,1.50000,1.49876,AVANZAR
40.576,1.50000,1.50000,1.49879,AVANZAR
40.608,1.50000,1.50000,1.49880,AVANZAR
40.640,1.50000,1.50000,1.49880,AVANZAR
40.672,1.50000,1.50000,1.49876,AVANZAR
40.704,1.50000,1.50000,1.49879,AVANZAR
40.736,1.50000,1.50000,1.49880,AVANZAR
40.768,1.50000,1.50000,1.49878,AVANZAR
40.800,1.50000,1.50000,1.49877,AVANZAR
40.832,1.50000,1.50000,1.49879,AVANZAR
40.864,1.50000,1.50000,1.49880,AVANZAR
40.896,1.50000,1.50000,1.49876,AVANZAR
40.928,1.50000,1.50000,1.49879,AVANZAR
40.960,1.50000,1.50000,1.49880,AVANZAR
40.992,1.50000,1.50000,1.49880,AVANZAR
41.024,1.50000,1.50000,1.49876,AVANZAR
41.056,1.50000,1.50000,1.49879,AVANZAR
41.088,1.50000,1.50000,1.49880,AVANZAR
41.120,1.50000,1.50000,1.49878,AVANZAR
41.152,1.50000,1.50000,1.49877,AVANZAR
41.184,1.50000,1.50000,1.49879,AVANZAR
41.216,1.50000,1.50000,1.49880,AVANZAR
41.248,1.50000,1.50000,1.49876,AVANZAR
41.280,1.50000,1.50000,1.49879,AVANZAR
41.312,1.50000,1.50000,1.49880,AVANZAR
41.344,1.50000,1.50000,1.49878,AVANZAR
41.376,1.50000,1.50000,1.49877,AVANZAR
41.408,1.50000,1.50000,1.49879,AVANZAR
41.440,1.50000,1.50000,1.49880,AVANZAR
41.472,1.50000,1.50000,1.49876,AVANZAR
41.504,1.50000,1.50000,1.49879,AVANZAR
41.536,1.50000,1.50000,1.49880,AVANZAR
41.568,1.50000,1.50000,1.49880,AVANZAR
41.600,1.50000,1.50000,1.49876,AVANZAR
41.632,1.50000,1.50000,1.49879,AVANZAR
41.664,1.50000,1.50000,1.49880,AVANZAR
41.696,1.50000,1.50000,1.49878,AVANZAR
41.728,1.50000,1.50000,1.49877,AVANZAR
41.760,1.50000,1.50000,1.49879,AVANZAR
41.792,1.50000,1.50000,1.49880,AVANZAR
41.824,1.50000,1.50000,1.49876,AVANZAR
41.856,1.50000,1.50000,1.49879,AVANZAR
41.888,1.50000,1.50000,1.49880,AVANZAR
41.920,1.50000,1.50000,1.49880,AVANZAR
41.952,1.50000,1.50000,1.49876,AVANZAR
41.984,1.50000,1.50000,1.49879,AVANZAR
42.016,1.50000,1.50000,1.49880,AVANZAR
42.048,1.50000,1.50000,1.49878,AVANZAR
42.080,1.50000,1.50000,1.49877,AVANZAR
42.112,1.50000,1.50000,1.49879,AVANZAR
42.144,1.50000,1.50000,1.49880,AVANZAR
42.176,1.50000,1.50000,1.49876,AVANZAR
42.208,1.50000,1.50000,1.49879,AVANZAR
42.240,1.50000,1.50000,1.49880,AVANZAR
42.272,1.50000,1.50000,1.49880,AVANZAR
42.304,1.50000,1.50000,1.49876,AVANZAR
42.336,1.50000,1.50000,1.49879,AVANZAR
42.368,1.50000,1.50000,1.49880,AVANZAR
42.400,1.50000,1.50000,1.49878,AVANZAR
42.432,1.50000,1.50000,1.49877,AVANZAR
42.464,1.50000,1.50000,1.49879,AVANZAR
42.496,1.50000,1.50000,1.49880,AVANZAR
42.528,1.50000,1.50000,1.49876,AVANZAR
42.560,1.50000,1.50000,1.49879,AVANZAR
42.592,1.50000,1.50000,1.49880,AVANZAR
42.624,1.50000,1.50000,1.49878,AVANZAR
42.656,1.50000,1.50000,1.49877,AVANZAR
42.688,1.50000,1.50000,1.49879,AVANZAR
42.720,1.50000,1.50000,1.49880,AVANZAR
42.752,1.50000,1.50000,1.49876,AVANZAR
42.784,1.50000,1.50000,1.49879,AVANZAR
42.816,1.50000,1.50000,1.49880,AVANZAR
42.848,1.50000,1.50000,1.49880,AVANZAR
42.880,1.50000,1.50000,1.49876,AVANZAR
42.912,1.50000,1.50000,1.49879,AVANZAR
42.944,1.50000,1.50000,1.49880,AVANZAR
42.976,1.50000,1.50000,1.49878,AVANZAR
43.008,1.50000,1.50000,1.49877,AVANZAR
43.040,1.50000,1.50000,1.49879,AVANZAR
43.072,1.50000,1.50000,1.49880,AVANZAR
43.104,1.50000,1.50000,1.49876,AVANZAR
43.136,1.50000,1.50000,1.49879,AVANZAR
43.168,1.50000,1.50000,1.49880,AVANZAR
43.200,1.50000,1.50000,1.49880,AVANZAR
43.232,1.50000,1.50000,1.49876,AVANZAR
43.264,1.50000,1.50000,1.49879,AVANZAR
43.296,1.50000,1.50000,1.49880,AVANZAR
43.328,1.50000,1.50000,1.49878,AVANZAR
43.360,1.50000,1.50000,1.49877,AVANZAR
43.392,1.50000,1.50000,1.49879,AVANZAR
43.424,1.50000,1.50000,1.49880,AVANZAR
43.456,1.50000,1.50000,1.49876,AVANZAR
43.488,1.50000,1.50000,1.49879,AVANZAR
43.520,1.50000,1.50000,1.49880,AVANZAR
43.552,1.50000,1.50000,1.49880,AVANZAR
43.584,1.50000,1.50000,1.49876,AVANZAR
43.616,1.50000,1.50000,1.49879,AVANZAR
43.648,1.50000,1.50000,1.49880,AVANZAR
43.680,1.50000,1.50000,1.49878,AVANZAR
43.712,1.50000,1.50000,1.49877,AVANZAR
43.744,1.50000,1.50000,1.49879,AVANZAR
43.776,1.50000,1.50000,1.49880,AVANZAR
43.808,1.50000,1.50000,1.49876,AVANZAR
43.840,1.50000,1.50000,1.49879,AVANZAR
43.872,1.50000,1.50000,1.49880,AVANZAR
43.904,1.50000,1.50000,1.49878,AVANZAR
43.936,1.50000,1.50000,1.49877,AVANZAR
43.968,1.50000,1.50000,1.49879,AVANZAR
44.000,1.50000,1.50000,1.49880,AVANZAR
44.032,1.50000,1.50000,1.49876,AVANZAR
44.064,1.50000,1.50000,1.49879,AVANZAR
44.096,1.50000,1.50000,1.49880,AVANZAR
44.128,1.50000,1.50000,1.49880,AVANZAR
44.160,1.50000,1.50000,1.49876,AVANZAR
44.192,1.50000,1.50000,1.49879,AVANZAR
44.224,1.50000,1.50000,1.49880,AVANZAR
44.256,1.50000,1.50000,1.49878,AVANZAR
44.288,1.50000,1.50000,1.49877,AVANZAR
44.320,1.50000,1.50000,1.49879,AVANZAR
44.352,1.50000,1.50000,1.49880,AVANZAR
44.384,1.50000,1.50000,1.49876,AVANZAR
44.416,1.50000,1.50000,1.49879,AVANZAR
44.448,1.50000,1.50000,1.49880,AVANZAR
44.480,1.50000,1.50000,1.49880,AVANZAR
44.512,1.50000,1.50000,1.49876,AVANZAR
44.544,1.50000,1.50000,1.49879,AVANZAR
44.576,1.48417,1.49842,1.48901,AVANZAR
44.608,1.36449,1.48487,1.41129,AVANZAR
44.640,1.28483,1.46335,1.33237,AVANZAR
44.672,1.21769,1.43512,1.26076,AVANZAR
44.704,1.09743,1.39486,1.15908,AVANZAR
44.736,0.74320,1.27308,0.90126,AVANZAR
44.768,0.66633,1.14225,0.75533,AVANZAR
44.800,0.61554,1.00634,0.66819,AVANZAR
44.832,0.54964,0.86023,0.59418,AVANZAR
44.864,0.44096,0.70768,0.49870,GIRAR_IZQ
44.896,0.39454,0.62675,0.43423,GIRAR_IZQ
44.928,0.51818,0.67295,0.48599,GIRAR_IZQ
44.960,0.50082,0.73046,0.49501,GIRAR_IZQ
44.992,0.42553,0.79736,0.45194,GIRAR_IZQ
45.024,0.38773,0.87894,0.41216,GIRAR_IZQ
45.056,0.37861,0.97109,0.39128,GIRAR_IZQ
45.088,0.34029,0.95330,0.35964,GIRAR_IZQ
45.120,0.27581,0.93080,0.30768,GIRAR_IZQ
45.152,0.24713,0.91296,0.27016,GIRAR_IZQ
45.184,0.22663,0.89685,0.24314,GIRAR_IZQ
45.216,0.21970,0.88096,0.22850,GIRAR_IZQ
45.248,0.20968,0.86790,0.21675,GIRAR_IZQ
45.280,0.20817,0.86113,0.21135,GIRAR_IZQ
45.312,0.20525,0.85694,0.20743,GIRAR_IZQ
45.344,0.18116,0.85496,0.19107,GIRAR_IZQ
45.376,0.15917,0.98299,0.17126,GIRAR_IZQ
45.408,0.14506,1.11203,0.15492,GIRAR_IZQ
45.440,0.13626,1.24121,0.14327,GIRAR_IZQ
45.472,0.13011,1.37068,0.13501,GIRAR_IZQ
45.504,0.12698,1.50000,0.12992,GIRAR_IZQ
45.536,0.12153,1.50000,0.12461,GIRAR_IZQ
45.568,0.11946,1.50000,0.12128,GIRO_VERTICE_IZQ
45.600,0.12130,1.50000,0.12134,GIRAR_IZQ
45.632,0.12397,1.50000,0.12280,GIRAR_IZQ
45.664,1.50000,1.50000,0.97383,AVANZAR
45.696,1.50000,1.50000,1.29828,AVANZAR
45.728,1.50000,1.50000,1.42221,AVANZAR
45.760,1.50000,1.50000,1.46953,AVANZAR
45.792,1.50000,1.50000,1.48760,AVANZAR
45.824,1.50000,1.50000,1.49453,AVANZAR
45.856,1.50000,1.50000,1.49715,AVANZAR
45.888,1.50000,1.50000,1.49815,AVANZAR
45.920,1.50000,1.50000,1.49855,AVANZAR
45.952,1.50000,1.50000,1.49871,AVANZAR
45.984,1.50000,1.50000,1.49875,CORRIGIENDO_IZQ
46.016,1.50000,1.50000,1.49888,CORRIGIENDO_IZQ
46.048,1.50000,1.50000,1.49896,CORRIGIENDO_IZQ
46.080,1.50000,1.50000,1.49899,CORRIGIENDO_IZQ
46.112,1.50000,1.50000,1.49900,CORRIGIENDO_IZQ
46.144,1.50000,1.50000,1.49895,CORRIGIENDO_IZQ
46.176,1.50000,1.50000,1.49899,CORRIGIENDO_IZQ
46.208,1.50000,1.50000,1.49900,AVANZAR
46.240,1.50000,1.50000,1.49886,AVANZAR
46.272,1.50000,1.50000,1.49880,AVANZAR
46.304,1.50000,1.50000,1.49880,AVANZAR
46.336,1.50000,1.50000,1.49881,AVANZAR
46.368,1.50000,1.50000,1.49878,AVANZAR
46.400,1.50000,1.50000,1.49877,AVANZAR
46.432,1.50000,1.50000,1.49879,AVANZAR
46.464,1.50000,1.50000,1.49880,AVANZAR
46.496,1.50000,1.50000,1.49878,AVANZAR
46.528,1.50000,1.50000,1.49877,AVANZAR
46.560,1.50000,1.50000,1.49879,AVANZAR
46.592,1.50000,1.50000,1.49878,AVANZAR
46.624,1.50000,1.50000,1.49877,AVANZAR
46.656,1.50000,1.50000,1.49879,AVANZAR
46.688,1.50000,1.50000,1.49880,AVANZAR
46.720,1.50000,1.50000,1.49878,AVANZAR
46.752,1.50000,1.50000,1.49877,AVANZAR
46.784,1.50000,1.50000,1.49879,AVANZAR
46.816,1.50000,1.50000,1.49878,AVANZAR
46.848,1.50000,1.50000,1.49877,AVANZAR
46.880,1.50000,1.50000,1.49879,AVANZAR
46.912,1.50000,1.50000,1.49880,AVANZAR
46.944,1.50000,1.50000,1.49878,AVANZAR
46.976,1.50000,1.50000,1.49877,AVANZAR
47.008,1.50000,1.50000,1.49879,AVANZAR
47.040,1.50000,1.50000,1.49880,AVANZAR
47.072,1.50000,1.50000,1.49878,AVANZAR
47.104,1.50000,1.50000,1.49877,AVANZAR
47.136,1.50000,1.50000,1.49879,AVANZAR
47.168,1.50000,1.50000,1.49878,AVANZAR
47.200,1.50000,1.50000,1.49877,AVANZAR
47.232,1.50000,1.50000,1.49879,AVANZAR
47.264,1.50000,1.50000,1.49880,AVANZAR
47.296,1.50000,1.50000,1.49878,AVANZAR
47.328,1.50000,1.50000,1.49877,AVANZAR
47.360,1.50000,1.50000,1.49879,AVANZAR
47.392,1.50000,1.50000,1.49880,AVANZAR
47.424,1.50000,1.50000,1.49878,AVANZAR
47.456,1.50000,1.50000,1.49877,AVANZAR
47.488,1.50000,1.50000,1.49879,AVANZAR
47.520,1.50000,1.50000,1.49878,AVANZAR
47.552,1.50000,1.50000,1.49877,AVANZAR
47.584,1.50000,1.50000,1.49879,AVANZAR
47.616,1.50000,1.50000,1.49880,AVANZAR
47.648,1.50000,1.50000,1.49878,AVANZAR
47.680,1.50000,1.50000,1.49877,AVANZAR
47.712,1.50000,1.50000,1.49879,AVANZAR
47.744,1.50000,1.50000,1.49880,AVANZAR
47.776,1.50000,1.50000,1.49878,AVANZAR
47.808,1.50000,1.50000,1.49877,AVANZAR
47.840,1.50000,1.50000,1.49879,AVANZAR
47.872,1.50000,1.50000,1.49878,AVANZAR
47.904,1.50000,1.50000,1.49877,AVANZAR
47.936,1.50000,1.50000,1.49879,AVANZAR
47.968,1.50000,1.50000,1.49880,AVANZAR
48.000,1.50000,1.50000,1.49878,AVANZAR
48.032,1.50000,1.50000,1.49877,AVANZAR
48.064,1.50000,1.50000,1.49879,AVANZAR
48.096,1.50000,1.50000,1.49878,AVANZAR
48.128,1.50000,1.50000,1.49877,AVANZAR
48.160,1.50000,1.50000,1.49879,AVANZAR
48.192,1.50000,1.50000,1.49880,AVANZAR
48.224,1.50000,1.50000,1.49878,AVANZAR
48.256,1.50000,1.50000,1.49877,AVANZAR
48.288,1.50000,1.50000,1.49879,AVANZAR
48.320,1.50000,1.50000,1.49880,AVANZAR
48.352,1.50000,1.50000,1.49878,AVANZAR
48.384,1.50000,1.50000,1.49877,AVANZAR
48.416,1.50000,1.50000,1.49879,AVANZAR
48.448,1.50000,1.50000,1.49878,AVANZAR
48.480,1.50000,1.50000,1.49877,AVANZAR
48.512,1.50000,1.50000,1.49879,AVANZAR
48.544,1.50000,1.50000,1.49880,AVANZAR
48.576,1.50000,1.50000,1.49878,AVANZAR
48.608,1.50000,1.50000,1.49877,AVANZAR
48.640,1.50000,1.50000,1.49879,AVANZAR
48.672,1.50000,1.50000,1.49880,AVANZAR
48.704,1.50000,1.50000,1.49878,AVANZAR
48.736,1.50000,1.50000,1.49877,AVANZAR
48.768,1.50000,1.50000,1.49879,AVANZAR
48.800,1.50000,1.50000,1.49878,AVANZAR
48.832,1.50000,1.50000,1.49877,AVANZAR
48.864,1.50000,1.50000,1.49879,AVANZAR
48.896,1.50000,1.50000,1.49880,AVANZAR
48.928,1.50000,1.50000,1.49878,AVANZAR
48.960,1.50000,1.50000,1.49877,AVANZAR
48.992,1.50000,1.50000,1.49879,AVANZAR
49.024,1.50000,1.50000,1.49880,AVANZAR
49.056,1.50000,1.50000,1.49878,AVANZAR
49.088,1.50000,1.50000,1.49877,AVANZAR
49.120,1.50000,1.50000,1.49879,AVANZAR
49.152,1.50000,1.50000,1.49878,AVANZAR
49.184,1.50000,1.50000,1.49877,AVANZAR
49.216,1.50000,1.50000,1.49879,AVANZAR
49.248,1.50000,1.50000,1.49880,AVANZAR
49.280,1.50000,1.50000,1.49878,AVANZAR
49.312,1.50000,1.50000,1.49877,AVANZAR
49.344,1.50000,1.50000,1.49879,AVANZAR
49.376,1.50000,1.50000,1.49878,AVANZAR
49.408,1.50000,1.50000,1.49880,AVANZAR
49.440,1.50000,1.50000,1.49878,AVANZAR
49.472,1.50000,1.50000,1.49880,AVANZAR
49.504,1.50000,1.50000,1.49878,AVANZAR
49.536,1.50000,1.50000,1.49877,AVANZAR
49.568,1.50000,1.50000,1.49879,AVANZAR
49.600,1.50000,1.50000,1.49880,AVANZAR
49.632,1.50000,1.50000,1.49878,AVANZAR
49.664,1.50000,1.50000,1.49877,AVANZAR
49.696,1.44026,1.50000,1.46187,AVANZAR
49.728,1.43066,1.50000,1.44182,AVANZAR
49.760,1.36769,1.50000,1.39524,AVANZAR
49.792,1.30086,1.50000,1.33617,AVANZAR
49.824,1.36665,1.50000,1.35427,AVANZAR
49.856,1.26162,1.50000,1.29625,AVANZAR
49.888,1.18644,1.50000,1.22762,AVANZAR
49.920,1.13157,1.50000,1.16752,AVANZAR
49.952,1.05454,1.50000,1.09695,AVANZAR
49.984,1.03502,1.50000,1.05792,AVANZAR
50.016,0.99771,1.50000,1.01995,AVANZAR
50.048,0.99842,1.50000,1.00590,AVANZAR
50.080,0.93369,1.50000,0.96051,AVANZAR
50.112,0.89262,1.50000,0.91779,AVANZAR
50.144,0.88451,1.50000,0.89648,AVANZAR
50.176,0.80936,1.50000,0.84190,AVANZAR
50.208,0.75515,1.50000,0.78752,AVANZAR
50.240,0.73163,1.50000,0.75221,AVANZAR
50.272,0.67717,1.50000,0.70510,AVANZAR
50.304,0.64311,1.50000,0.66605,AVANZAR
50.336,0.62597,1.50000,0.64052,AVANZAR
50.368,0.58242,1.50000,0.60385,AVANZAR
50.400,0.53847,1.50000,0.56270,AVANZAR
50.432,0.48431,1.50000,0.51349,AVANZAR
50.464,0.42409,1.50000,0.45747,GIRAR_DER
50.496,0.40765,1.50000,0.42658,GIRAR_DER
50.528,0.42693,1.50000,0.42665,GIRAR_DER
50.560,0.48346,1.50000,0.46163,GIRAR_DER
50.592,0.49735,1.50000,0.48361,GIRAR_DER
50.624,1.50000,1.50000,1.11163,AVANZAR
50.656,1.50000,1.50000,1.35092,AVANZAR
50.688,1.50000,1.50000,1.44229,AVANZAR
50.720,1.50000,1.50000,1.47722,AVANZAR
50.752,1.50000,1.50000,1.49054,AVANZAR
50.784,1.50000,1.50000,1.49562,AVANZAR
50.816,1.50000,1.50000,1.49759,AVANZAR
50.848,1.50000,1.50000,1.49832,AVANZAR
50.880,1.50000,1.50000,1.49862,AVANZAR
50.912,1.50000,1.50000,1.49871,AVANZAR
50.944,1.50000,1.50000,1.49877,AVANZAR
50.976,1.50000,1.50000,1.49877,CORRIGIENDO_DER
51.008,1.50000,1.50000,1.49891,CORRIGIENDO_DER
51.040,1.50000,1.50000,1.49895,CORRIGIENDO_DER
51.072,1.50000,1.50000,1.49898,CORRIGIENDO_DER
51.104,1.50000,1.50000,1.49900,CORRIGIENDO_DER
51.136,1.50000,1.50000,1.49895,CORRIGIENDO_DER
51.168,1.50000,1.50000,1.49899,AVANZAR
51.200,1.50000,1.50000,1.49887,AVANZAR
51.232,1.50000,1.50000,1.49883,AVANZAR
51.264,1.50000,1.50000,1.49877,AVANZAR
51.296,1.50000,1.50000,1.49879,AVANZAR
51.328,1.50000,1.50000,1.49880,AVANZAR
51.360,1.50000,1.50000,1.49880,AVANZAR
51.392,1.50000,1.50000,1.49876,AVANZAR
51.424,1.50000,1.50000,1.49879,AVANZAR
51.456,1.50000,1.50000,1.49880,AVANZAR
51.488,1.50000,1.50000,1.49875,AVANZAR
51.520,1.50000,1.50000,1.49879,AVANZAR
51.552,1.50000,1.50000,1.49880,AVANZAR
51.584,1.50000,1.50000,1.49880,AVANZAR
51.616,1.50000,1.50000,1.49876,AVANZAR
51.648,1.50000,1.50000,1.49879,AVANZAR
51.680,1.50000,1.50000,1.49880,AVANZAR
51.712,1.50000,1.50000,1.49878,AVANZAR
51.744,1.50000,1.50000,1.49877,AVANZAR
51.776,1.50000,1.50000,1.49879,AVANZAR
51.808,1.50000,1.50000,1.49880,AVANZAR
51.840,1.50000,1.50000,1.49876,AVANZAR
51.872,1.50000,1.50000,1.49879,AVANZAR
51.904,1.50000,1.50000,1.49880,AVANZAR
51.936,1.50000,1.50000,1.49880,AVANZAR
51.968,1.50000,1.50000,1.49876,AVANZAR
52.000,1.50000,1.50000,1.49879,AVANZAR
52.032,1.50000,1.50000,1.49880,AVANZAR
52.064,1.50000,1.50000,1.49878,AVANZAR
52.096,1.50000,1.50000,1.49877,AVANZAR
52.128,1.50000,1.50000,1.49879,AVANZAR
52.160,1.50000,1.50000,1.49880,AVANZAR
52.192,1.50000,1.50000,1.49876,AVANZAR
52.224,1.50000,1.50000,1.49879,AVANZAR
52.256,1.50000,1.50000,1.49880,AVANZAR
52.288,1.50000,1.50000,1.49880,AVANZAR
52.320,1.50000,1.50000,1.49876,AVANZAR
52.352,1.50000,1.50000,1.49879,AVANZAR
52.384,1.50000,1.50000,1.49880,AVANZAR
52.416,1.50000,1.50000,1.49875,AVANZAR
52.448,1.50000,1.50000,1.49879,AVANZAR
52.480,1.50000,1.50000,1.49880,AVANZAR
52.512,1.50000,1.50000,1.49880,AVANZAR
52.544,1.50000,1.50000,1.49876,AVANZAR
52.576,1.50000,1.50000,1.49879,AVANZAR
52.608,1.50000,1.50000,1.49880,AVANZAR
52.640,1.50000,1.50000,1.49878,AVANZAR
52.672,1.50000,1.50000,1.49877,AVANZAR
52.704,1.50000,1.50000,1.49879,AVANZAR
52.736,1.50000,1.50000,1.49880,AVANZAR
52.768,1.50000,1.50000,1.49876,AVANZAR
52.800,1.50000,1.50000,1.49879,AVANZAR
52.832,1.50000,1.50000,1.49880,AVANZAR
52.864,1.50000,1.50000,1.49880,AVANZAR
52.896,1.50000,1.50000,1.49876,AVANZAR
52.928,1.50000,1.50000,1.49879,AVANZAR
52.960,1.50000,1.50000,1.49880,AVANZAR
52.992,1.50000,1.50000,1.49878,AVANZAR
53.024,1.50000,1.50000,1.49877,AVANZAR
53.056,1.50000,1.50000,1.49879,AVANZAR
53.088,1.50000,1.50000,1.49880,AVANZAR
53.120,1.50000,1.50000,1.49876,AVANZAR
53.152,1.50000,1.50000,1.49879,AVANZAR
53.184,1.50000,1.50000,1.49880,AVANZAR
53.216,1.50000,1.50000,1.49880,AVANZAR
53.248,1.50000,1.50000,1.49876,AVANZAR
53.280,1.50000,1.50000,1.49879,AVANZAR
53.312,1.50000,1.50000,1.49880,AVANZAR
53.344,1.50000,1.50000,1.49878,AVANZAR
53.376,1.50000,1.50000,1.49877,AVANZAR
53.408,1.50000,1.50000,1.49879,AVANZAR
53.440,1.50000,1.50000,1.49880,AVANZAR
53.472,1.50000,1.50000,1.49876,AVANZAR
53.504,1.50000,1.50000,1.49879,AVANZAR
53.536,1.50000,1.50000,1.49880,AVANZAR
53.568,1.50000,1.50000,1.49880,AVANZAR
53.600,1.50000,1.50000,1.49876,AVANZAR
53.632,1.50000,1.50000,1.49879,AVANZAR
53.664,1.50000,1.50000,1.49880,AVANZAR
53.696,1.50000,1.50000,1.49875,AVANZAR
53.728,1.50000,1.50000,1.49879,AVANZAR
53.760,1.50000,1.50000,1.49880,AVANZAR
53.792,1.50000,1.50000,1.49880,AVANZAR
53.824,1.50000,1.50000,1.49876,AVANZAR
53.856,1.50000,1.50000,1.49879,AVANZAR
53.888,1.50000,1.50000,1.49880,AVANZAR
53.920,1.50000,1.50000,1.49878,AVANZAR
53.952,1.50000,1.50000,1.49877,AVANZAR
53.984,1.50000,1.50000,1.49879,AVANZAR
54.016,1.50000,1.50000,1.49880,AVANZAR
54.048,1.50000,1.50000,1.49876,AVANZAR
54.080,1.50000,1.50000,1.49879,AVANZAR
54.112,1.50000,1.50000,1.49880,AVANZAR
54.144,1.50000,1.50000,1.49880,AVANZAR
54.176,1.50000,1.50000,1.49876,AVANZAR
54.208,1.50000,1.50000,1.49879,AVANZAR
54.240,1.50000,1.50000,1.49880,AVANZAR
54.272,1.50000,1.50000,1.49878,AVANZAR
54.304,1.50000,1.50000,1.49877,AVANZAR
54.336,1.50000,1.50000,1.49879,AVANZAR
54.368,1.50000,1.50000,1.49880,AVANZAR
54.400,1.50000,1.50000,1.49876,AVANZAR
54.432,1.50000,1.50000,1.49879,AVANZAR
54.464,1.50000,1.50000,1.49880,AVANZAR
54.496,1.50000,1.50000,1.49880,AVANZAR
54.528,1.50000,1.50000,1.49876,AVANZAR
54.560,1.50000,1.50000,1.49879,AVANZAR
54.592,1.50000,1.50000,1.49880,AVANZAR
54.624,1.50000,1.50000,1.49878,AVANZAR
54.656,1.50000,1.50000,1.49877,AVANZAR
54.688,1.50000,1.50000,1.49879,AVANZAR
54.720,1.50000,1.50000,1.49880,AVANZAR
54.752,1.50000,1.50000,1.49876,AVANZAR
54.784,1.50000,1.50000,1.49879,AVANZAR
54.816,1.50000,1.50000,1.49880,AVANZAR
54.848,1.50000,1.50000,1.49880,AVANZAR
54.880,1.50000,1.50000,1.49876,AVANZAR
54.912,1.50000,1.50000,1.49879,AVANZAR
54.944,1.50000,1.50000,1.49880,AVANZAR
54.976,1.50000,1.50000,1.49875,AVANZAR
55.008,1.50000,1.50000,1.49879,AVANZAR
55.040,1.50000,1.50000,1.49880,AVANZAR
55.072,1.50000,1.50000,1.49880,AVANZAR
55.104,1.50000,1.50000,1.49876,AVANZAR
55.136,1.50000,1.50000,1.49879,AVANZAR
55.168,1.50000,1.50000,1.49880,AVANZAR
55.200,1.50000,1.50000,1.49878,AVANZAR
55.232,1.50000,1.50000,1.49877,AVANZAR
55.264,1.50000,1.50000,1.49879,AVANZAR
55.296,1.50000,1.50000,1.49880,AVANZAR
55.328,1.50000,1.50000,1.49876,AVANZAR
55.360,1.50000,1.50000,1.49879,AVANZAR
55.392,1.50000,1.50000,1.49880,AVANZAR
55.424,1.50000,1.50000,1.49880,AVANZAR
55.456,1.50000,1.50000,1.49876,AVANZAR
55.488,1.50000,1.50000,1.49879,AVANZAR
55.520,1.50000,1.50000,1.49880,AVANZAR
55.552,1.50000,1.50000,1.49878,AVANZAR
55.584,1.50000,1.50000,1.49877,AVANZAR
55.616,1.50000,1.50000,1.49879,AVANZAR
55.648,1.50000,1.50000,1.49880,AVANZAR
55.680,1.50000,1.50000,1.49876,AVANZAR
55.712,1.50000,1.50000,1.49879,AVANZAR
55.744,1.50000,1.50000,1.49880,AVANZAR
55.776,1.50000,1.50000,1.49880,AVANZAR
55.808,1.50000,1.50000,1.49876,AVANZAR
55.840,1.50000,1.50000,1.49879,AVANZAR
55.872,1.50000,1.50000,1.49880,AVANZAR
55.904,1.50000,1.50000,1.49878,AVANZAR
55.936,1.50000,1.50000,1.49877,AVANZAR
55.968,1.50000,1.50000,1.49879,AVANZAR
56.000,1.50000,1.50000,1.49880,AVANZAR
56.032,1.50000,1.50000,1.49876,AVANZAR
56.064,1.50000,1.50000,1.49879,AVANZAR
56.096,1.50000,1.50000,1.49880,AVANZAR
56.128,1.50000,1.50000,1.49880,AVANZAR
56.160,1.50000,1.50000,1.49876,AVANZAR
56.192,1.50000,1.50000,1.49879,AVANZAR
56.224,1.50000,1.50000,1.49880,AVANZAR
56.256,1.50000,1.50000,1.49875,AVANZAR
56.288,1.50000,1.50000,1.49879,AVANZAR
56.320,1.50000,1.50000,1.49880,AVANZAR
56.352,1.50000,1.50000,1.49880,AVANZAR
56.384,1.50000,1.50000,1.49876,AVANZAR
56.416,1.50000,1.50000,1.49879,AVANZAR
56.448,1.50000,1.50000,1.49880,AVANZAR
56.480,1.50000,1.50000,1.49878,AVANZAR
56.512,1.50000,1.50000,1.49877,AVANZAR
56.544,1.50000,1.50000,1.49879,AVANZAR
56.576,1.50000,1.50000,1.49880,AVANZAR
56.608,1.50000,1.50000,1.49876,AVANZAR
56.640,1.50000,1.50000,1.49879,AVANZAR
56.672,1.50000,1.50000,1.49880,AVANZAR
56.704,1.50000,1.50000,1.49880,AVANZAR
56.736,1.50000,1.50000,1.49876,AVANZAR
56.768,1.50000,1.50000,1.49879,AVANZAR
56.800,1.50000,1.50000,1.49880,AVANZAR
56.832,1.37066,1.50000,1.41884,AVANZAR
56.864,1.44537,1.50000,1.43447,AVANZAR
56.896,1.38665,1.50000,1.40418,AVANZAR
56.928,1.24464,1.50000,1.30484,AVANZAR
56.960,1.20178,1.50000,1.24036,AVANZAR
56.992,1.05406,1.49710,1.12448,AVANZAR
57.024,1.05742,1.48195,1.08230,AVANZAR
57.056,0.92171,1.45881,0.98231,AVANZAR
57.088,0.91323,1.43219,0.93883,AVANZAR
57.120,0.80552,1.39270,0.85570,AVANZAR
57.152,0.72701,1.35363,0.77543,AVANZAR
57.184,0.66767,1.31240,0.70807,AVANZAR
57.216,0.60581,1.27895,0.64411,AVANZAR
57.248,0.56821,1.24284,0.59646,AVANZAR
57.280,0.49403,1.20875,0.53242,AVANZAR
57.312,0.41169,1.17009,0.45702,GIRAR_DER
57.344,0.35338,1.14577,0.39287,GIRAR_DER
57.376,0.38761,1.12641,0.38949,GIRAR_DER
57.408,0.37183,1.12530,0.37843,GIRAR_DER
57.440,0.37387,1.13841,0.37549,GIRAR_DER
57.472,0.35862,1.16660,0.36496,GIRAR_DER
57.504,0.37119,1.20571,0.36866,GIRAR_DER
57.536,0.41046,1.25175,0.39437,GIRAR_DER
57.568,0.39598,1.29316,0.39527,GIRAR_DER
57.600,0.41685,1.34894,0.40845,GIRAR_DER
57.632,0.47335,1.40137,0.44844,GIRAR_DER
57.664,0.49533,1.44296,0.47727,GIRAR_DER
57.696,0.57635,1.47286,0.53841,AVANZAR
57.728,0.53808,1.49529,0.53744,AVANZAR
57.760,0.48373,1.50000,0.50351,AVANZAR
57.792,0.45095,1.50000,0.47026,GIRAR_DER
57.824,0.48230,1.50000,0.47758,GIRAR_DER
57.856,0.57304,1.50000,0.53646,AVANZAR
57.888,0.57109,1.50000,0.55710,AVANZAR
57.920,0.54036,1.50000,0.54602,AVANZAR
57.952,0.48386,1.50000,0.50686,AVANZAR
57.984,0.48781,1.50000,0.49430,GIRAR_DER
58.016,0.56288,1.50000,0.53659,CORRIGIENDO_DER
58.048,0.56028,1.50000,0.55059,CORRIGIENDO_DER
58.080,0.57437,1.50000,0.56467,CORRIGIENDO_DER
58.112,0.56769,1.50000,0.56592,CORRIGIENDO_DER
58.144,0.58027,1.50000,0.57413,CORRIGIENDO_DER
58.176,0.58713,1.50000,0.58155,CORRIGIENDO_DER
58.208,0.60088,1.50000,0.59288,CORRIGIENDO_DER
58.240,0.59906,1.50000,0.59609,CORRIGIENDO_DER
58.272,0.61047,1.50000,0.60434,CORRIGIENDO_DER
58.304,0.60784,1.50000,0.60587,CORRIGIENDO_DER
58.336,0.67241,1.50000,0.64638,CORRIGIENDO_DER
58.368,0.65689,1.50000,0.65224,CORRIGIENDO_DER
58.400,0.68745,1.50000,0.67338,CORRIGIENDO_DER
58.432,0.71765,1.50000,0.70013,CORRIGIENDO_DER
58.464,0.71773,1.50000,0.71037,CORRIGIENDO_DER
58.496,0.76101,1.50000,0.74103,CORRIGIENDO_DER
58.528,0.76066,1.50000,0.75255,CORRIGIENDO_DER
58.560,0.82822,1.50000,0.79870,CORRIGIENDO_DER
58.592,0.88868,1.50000,0.85370,CORRIGIENDO_DER
58.624,0.92306,1.50000,0.89593,CORRIGIENDO_DER
58.656,0.92179,1.50000,0.91127,CORRIGIENDO_DER
58.688,0.96962,1.50000,0.94672,CORRIGIENDO_DER
58.720,1.05529,1.50000,1.01318,CORRIGIENDO_DER
58.752,1.06202,1.50000,1.04275,CORRIGIENDO_DER
58.784,1.20428,1.50000,1.14197,CORRIGIENDO_DER
58.816,1.13446,1.50000,1.13669,CORRIGIENDO_DER
58.848,1.25837,1.50000,1.21125,CORRIGIENDO_DER
58.880,1.27298,1.50000,1.24879,CORRIGIENDO_DER
58.912,1.50000,1.50000,1.40343,AVANZAR
58.944,1.48226,1.50000,1.45141,AVANZAR
58.976,1.38457,1.50000,1.40932,AVANZAR
59.008,1.47371,1.50000,1.44838,AVANZAR
59.040,1.50000,1.50000,1.47954,AVANZAR
59.072,1.50000,1.50000,1.49140,AVANZAR
59.104,1.49875,1.50000,1.49520,AVANZAR
59.136,1.50000,1.50000,1.49743,AVANZAR
59.168,1.50000,1.50000,1.49828,AVANZAR
59.200,1.50000,1.50000,1.49856,AVANZAR
59.232,1.50000,1.50000,1.49871,AVANZAR
59.264,1.50000,1.50000,1.49877,AVANZAR
59.296,1.50000,1.50000,1.49879,AVANZAR
59.328,1.50000,1.50000,1.49875,AVANZAR
59.360,1.50000,1.50000,1.49879,AVANZAR
59.392,1.50000,1.50000,1.49880,AVANZAR
59.424,1.50000,1.50000,1.49875,AVANZAR
59.456,1.50000,1.50000,1.49879,AVANZAR
59.488,1.50000,1.50000,1.49880,AVANZAR
59.520,1.50000,1.50000,1.49880,AVANZAR
59.552,1.50000,1.50000,1.49876,AVANZAR
59.584,1.50000,1.50000,1.49879,AVANZAR
59.616,1.50000,1.50000,1.49880,AVANZAR
59.648,1.50000,1.50000,1.49878,AVANZAR
59.680,1.50000,1.50000,1.49877,AVANZAR
59.712,1.50000,1.50000,1.49879,AVANZAR
59.744,1.50000,1.50000,1.49880,AVANZAR
59.776,1.50000,1.50000,1.49876,AVANZAR
59.808,1.50000,1.50000,1.49879,AVANZAR
59.840,1.50000,1.50000,1.49880,AVANZAR
59.872,1.50000,1.50000,1.49880,AVANZAR
59.904,1.50000,1.50000,1.49876,AVANZAR
59.936,1.50000,1.50000,1.49879,AVANZAR
59.968,1.50000,1.50000,1.49880,AVANZAR
